causa_def,cond_resp
A000,0
A001,0
A009,0
A010,0
A011,0
A012,0
A013,0
A014,0
A020,0
A021,0
A022,0
A028,0
A029,0
A030,0
A031,0
A032,0
A033,0
A038,0
A039,0
A040,0
A041,0
A042,0
A043,0
A044,0
A045,0
A046,0
A047,0
A048,0
A049,0
A050,0
A051,0
A052,0
A053,0
A054,0
A058,0
A059,0
A060,0
A061,0
A062,0
A063,0
A064,0
A065,1
A066,0
A067,0
A068,0
A069,0
A070,0
A071,0
A072,0
A073,0
A078,0
A079,0
A080,0
A081,0
A082,0
A083,0
A084,0
A085,0
A090,0
A099,0
A09X,0
A150,1
A151,1
A152,1
A153,1
A154,0
A155,1
A156,0
A157,1
A158,1
A159,1
A160,1
A161,1
A162,1
A163,0
A164,1
A165,0
A167,1
A168,1
A169,1
A170,0
A171,0
A178,0
A179,0
A180,0
A181,0
A182,0
A183,0
A184,0
A185,0
A186,0
A187,0
A188,0
A190,0
A191,0
A192,0
A198,0
A199,0
A200,0
A201,0
A202,0
A203,0
A207,0
A208,0
A209,0
A210,0
A211,0
A212,1
A213,0
A217,0
A218,0
A219,0
A220,0
A221,1
A222,0
A227,0
A228,0
A229,0
A230,0
A231,0
A232,0
A233,0
A238,0
A239,0
A240,0
A241,0
A242,0
A243,0
A244,0
A250,0
A251,0
A259,0
A260,0
A267,0
A268,0
A269,0
A270,0
A278,0
A279,0
A280,0
A281,0
A282,0
A288,0
A289,0
A300,0
A301,0
A302,0
A303,0
A304,0
A305,0
A308,0
A309,0
A310,1
A311,0
A318,0
A319,0
A320,0
A321,0
A327,0
A328,0
A329,0
A33X,0
A34X,0
A35X,0
A360,0
A361,0
A362,0
A363,0
A368,0
A369,0
A370,0
A371,0
A378,0
A379,0
A38X,0
A390,0
A391,0
A392,0
A393,0
A394,0
A395,0
A398,0
A399,0
A400,0
A401,0
A402,0
A403,0
A408,0
A409,0
A410,0
A411,0
A412,0
A413,0
A414,0
A415,0
A418,0
A419,0
A420,1
A421,0
A422,0
A427,0
A428,0
A429,0
A430,1
A431,0
A438,0
A439,0
A440,0
A441,0
A448,0
A449,0
A46X,0
A480,0
A481,0
A482,0
A483,0
A484,0
A488,0
A490,0
A491,0
A492,0
A493,0
A498,0
A499,0
A500,0
A501,0
A502,0
A503,0
A504,0
A505,0
A506,0
A507,0
A509,0
A510,0
A511,0
A512,0
A513,0
A514,0
A515,0
A519,0
A520,0
A521,0
A522,0
A523,0
A527,0
A528,0
A529,0
A530,0
A539,0
A540,0
A541,0
A542,0
A543,0
A544,0
A545,0
A546,0
A548,0
A549,0
A55X,0
A560,0
A561,0
A562,0
A563,0
A564,0
A568,0
A57X,0
A58X,0
A590,0
A598,0
A599,0
A600,0
A601,0
A609,0
A630,0
A638,0
A64X,0
A65X,0
A660,0
A661,0
A662,0
A663,0
A664,0
A665,0
A666,0
A667,0
A668,0
A669,0
A670,0
A671,0
A672,0
A673,0
A679,0
A680,0
A681,0
A689,0
A690,0
A691,0
A692,0
A698,0
A699,0
A70X,0
A710,0
A711,0
A719,0
A740,0
A748,0
A749,0
A750,0
A751,0
A752,0
A753,0
A759,0
A770,0
A771,0
A772,0
A773,0
A778,0
A779,0
A78X,0
A790,0
A791,0
A798,0
A799,0
A800,0
A801,0
A802,0
A803,0
A804,0
A809,0
A810,0
A811,0
A812,0
A818,0
A819,0
A820,0
A821,0
A829,0
A830,0
A831,0
A832,0
A833,0
A834,0
A835,0
A836,0
A838,0
A839,0
A840,0
A841,0
A848,0
A849,0
A850,0
A851,0
A852,0
A858,0
A86X,0
A870,0
A871,0
A872,0
A878,0
A879,0
A880,0
A881,0
A888,0
A89X,0
A90X,0
A91X,0
A920,0
A921,0
A922,0
A923,0
A924,0
A928,0
A929,0
A930,0
A931,0
A932,0
A938,0
A94X,0
A950,0
A951,0
A959,0
A960,0
A961,0
A962,0
A968,0
A969,0
A980,0
A981,0
A982,0
A983,0
A984,0
A985,0
A988,0
A99X,0
B000,0
B001,0
B002,0
B003,0
B004,0
B005,0
B007,0
B008,0
B009,0
B010,0
B011,0
B012,1
B018,0
B019,0
B020,0
B021,0
B022,0
B023,0
B027,0
B028,0
B029,0
B03X,0
B04X,0
B050,0
B051,0
B052,1
B053,0
B054,0
B058,0
B059,0
B060,0
B068,0
B069,0
B07X,0
B080,0
B081,0
B082,0
B083,0
B084,0
B085,0
B088,0
B09X,0
B150,0
B159,0
B160,0
B161,0
B162,0
B169,0
B170,0
B171,0
B172,0
B178,0
B179,0
B180,0
B181,0
B182,0
B188,0
B189,0
B190,0
B199,0
B200,0
B201,0
B202,0
B203,0
B204,0
B205,0
B206,1
B207,0
B208,0
B209,0
B210,0
B211,0
B212,0
B213,0
B217,0
B218,0
B219,0
B220,0
B221,0
B222,0
B227,0
B230,0
B231,0
B232,0
B238,0
B24X,0
B250,0
B251,0
B252,0
B258,0
B259,0
B260,0
B261,0
B262,0
B263,0
B268,0
B269,0
B270,0
B271,0
B278,0
B279,0
B300,0
B301,0
B302,0
B303,0
B308,0
B309,0
B330,0
B331,0
B332,0
B333,0
B334,1
B338,0
B340,0
B341,0
B342,0
B343,0
B344,0
B348,0
B349,0
B350,0
B351,0
B352,0
B353,0
B354,0
B355,0
B356,0
B358,0
B359,0
B360,0
B361,0
B362,0
B363,0
B368,0
B369,0
B370,0
B371,1
B372,0
B373,0
B374,0
B375,0
B376,0
B377,0
B378,0
B379,0
B380,1
B381,1
B382,1
B383,0
B384,0
B387,0
B388,0
B389,0
B390,1
B391,1
B392,1
B393,0
B394,0
B395,0
B399,0
B400,1
B401,1
B402,1
B403,0
B407,0
B408,0
B409,0
B410,1
B417,0
B418,0
B419,0
B420,1
B421,0
B427,0
B428,0
B429,0
B430,0
B431,0
B432,0
B438,0
B439,0
B440,1
B441,1
B442,0
B447,0
B448,0
B449,0
B450,1
B451,0
B452,0
B453,0
B457,0
B458,0
B459,0
B460,1
B461,0
B462,0
B463,0
B464,0
B465,0
B468,0
B469,0
B470,0
B471,0
B479,0
B480,0
B481,0
B482,0
B483,0
B484,0
B487,0
B488,0
B49X,0
B500,0
B508,0
B509,0
B510,0
B518,0
B519,0
B520,0
B528,0
B529,0
B530,0
B531,0
B538,0
B54X,0
B550,0
B551,0
B552,0
B559,0
B560,0
B561,0
B569,0
B570,0
B571,0
B572,0
B573,0
B574,0
B575,0
B580,0
B581,0
B582,0
B583,1
B588,0
B589,0
B59X,0
B600,0
B601,0
B602,0
B608,0
B64X,0
B650,0
B651,0
B652,0
B653,0
B658,0
B659,0
B660,0
B661,0
B662,0
B663,0
B664,0
B665,0
B668,0
B669,0
B670,0
B671,1
B672,0
B673,0
B674,0
B675,0
B676,0
B677,0
B678,0
B679,0
B680,0
B681,0
B689,0
B690,0
B691,0
B698,0
B699,0
B700,0
B701,0
B710,0
B711,0
B718,0
B719,0
B72X,0
B73X,0
B740,0
B741,0
B742,0
B743,0
B744,0
B748,0
B749,0
B75X,0
B760,0
B761,0
B768,0
B769,0
B770,0
B778,0
B779,0
B780,0
B781,0
B787,0
B789,0
B79X,0
B80X,0
B810,0
B811,0
B812,0
B813,0
B814,0
B818,0
B820,0
B829,0
B830,0
B831,0
B832,0
B833,0
B834,0
B838,0
B839,0
B850,0
B851,0
B852,0
B853,0
B854,0
B86X,0
B870,0
B871,0
B872,0
B873,0
B874,0
B878,0
B879,0
B880,0
B881,0
B882,0
B883,0
B888,0
B889,0
B89X,0
B900,0
B901,0
B902,0
B908,0
B909,1
B91X,0
B92X,0
B940,0
B941,0
B942,0
B948,0
B949,0
B950,0
B951,0
B952,0
B953,0
B954,0
B955,0
B956,0
B957,0
B958,0
B960,0
B961,0
B962,0
B963,0
B964,0
B965,0
B966,0
B967,0
B968,0
B970,0
B971,0
B972,0
B973,0
B974,1
B975,0
B976,0
B977,0
B978,0
B980,0
B981,0
B99X,0
C000,0
C001,0
C002,0
C003,0
C004,0
C005,0
C006,0
C008,0
C009,0
C01X,0
C020,0
C021,0
C022,0
C023,0
C024,0
C028,0
C029,0
C030,0
C031,0
C039,0
C040,0
C041,0
C048,0
C049,0
C050,0
C051,0
C052,0
C058,0
C059,0
C060,0
C061,0
C062,0
C068,0
C069,0
C07X,0
C080,0
C081,0
C088,0
C089,0
C090,0
C091,0
C098,0
C099,0
C100,0
C101,0
C102,0
C103,0
C104,0
C108,0
C109,0
C110,0
C111,0
C112,0
C113,0
C118,0
C119,0
C12X,0
C130,0
C131,0
C132,0
C138,0
C139,0
C140,0
C142,0
C148,0
C150,0
C151,0
C152,0
C153,0
C154,0
C155,0
C158,0
C159,0
C160,0
C161,0
C162,0
C163,0
C164,0
C165,0
C166,0
C168,0
C169,0
C170,0
C171,0
C172,0
C173,0
C178,0
C179,0
C180,0
C181,0
C182,0
C183,0
C184,0
C185,0
C186,0
C187,0
C188,0
C189,0
C19X,0
C20X,0
C210,0
C211,0
C212,0
C218,0
C220,0
C221,0
C222,0
C223,0
C224,0
C227,0
C229,0
C23X,0
C240,0
C241,0
C248,0
C249,0
C250,0
C251,0
C252,0
C253,0
C254,0
C257,0
C258,0
C259,0
C260,0
C261,0
C268,0
C269,0
C300,0
C301,0
C310,0
C311,0
C312,0
C313,0
C318,0
C319,0
C320,0
C321,0
C322,0
C323,0
C328,0
C329,0
C33X,0
C340,1
C341,1
C342,1
C343,1
C348,1
C349,1
C37X,0
C380,0
C381,0
C382,0
C383,0
C384,0
C388,0
C390,1
C398,1
C399,1
C400,0
C401,0
C402,0
C403,0
C408,0
C409,0
C410,0
C411,0
C412,0
C413,0
C414,0
C418,0
C419,0
C430,0
C431,0
C432,0
C433,0
C434,0
C435,0
C436,0
C437,0
C438,0
C439,0
C440,0
C441,0
C442,0
C443,0
C444,0
C445,0
C446,0
C447,0
C448,0
C449,0
C450,0
C451,0
C452,0
C457,0
C459,0
C460,0
C461,0
C462,0
C463,0
C467,0
C468,0
C469,0
C470,0
C471,0
C472,0
C473,0
C474,0
C475,0
C476,0
C478,0
C479,0
C480,0
C481,0
C482,0
C488,0
C490,0
C491,0
C492,0
C493,0
C494,0
C495,0
C496,0
C498,0
C499,0
C500,0
C501,0
C502,0
C503,0
C504,0
C505,0
C506,0
C508,0
C509,0
C510,0
C511,0
C512,0
C518,0
C519,0
C52X,0
C530,0
C531,0
C538,0
C539,0
C540,0
C541,0
C542,0
C543,0
C548,0
C549,0
C55X,0
C56X,0
C570,0
C571,0
C572,0
C573,0
C574,0
C577,0
C578,0
C579,0
C58X,0
C600,0
C601,0
C602,0
C608,0
C609,0
C61X,0
C620,0
C621,0
C629,0
C630,0
C631,0
C632,0
C637,0
C638,0
C639,0
C64X,0
C65X,0
C66X,0
C670,0
C671,0
C672,0
C673,0
C674,0
C675,0
C676,0
C677,0
C678,0
C679,0
C680,0
C681,0
C688,0
C689,0
C690,0
C691,0
C692,0
C693,0
C694,0
C695,0
C696,0
C698,0
C699,0
C700,0
C701,0
C709,0
C710,0
C711,0
C712,0
C713,0
C714,0
C715,0
C716,0
C717,0
C718,0
C719,0
C720,0
C721,0
C722,0
C723,0
C724,0
C725,0
C728,0
C729,0
C73X,0
C740,0
C741,0
C749,0
C750,0
C751,0
C752,0
C753,0
C754,0
C755,0
C758,0
C759,0
C760,0
C761,0
C762,0
C763,0
C764,0
C765,0
C767,0
C768,0
C770,0
C771,0
C772,0
C773,0
C774,0
C775,0
C778,0
C779,0
C780,1
C781,0
C782,0
C783,1
C784,0
C785,0
C786,0
C787,0
C788,0
C790,0
C791,0
C792,0
C793,0
C794,0
C795,0
C796,0
C797,0
C798,0
C799,0
C800,0
C809,0
C80X,0
C810,0
C811,0
C812,0
C813,0
C814,0
C817,0
C819,0
C820,0
C821,0
C822,0
C823,0
C824,0
C825,0
C826,0
C827,0
C829,0
C830,0
C831,0
C832,0
C833,0
C834,0
C835,0
C836,0
C837,0
C838,0
C839,0
C840,0
C841,0
C842,0
C843,0
C844,0
C845,0
C846,0
C847,0
C848,0
C849,0
C850,0
C851,0
C852,0
C857,0
C859,0
C860,0
C861,0
C862,0
C863,0
C864,0
C865,0
C866,0
C880,0
C881,0
C882,0
C883,0
C884,0
C887,0
C889,0
C900,0
C901,0
C902,0
C903,0
C910,0
C911,0
C912,0
C913,0
C914,0
C915,0
C916,0
C917,0
C918,0
C919,0
C920,0
C921,0
C922,0
C923,0
C924,0
C925,0
C926,0
C927,0
C928,0
C929,0
C930,0
C931,0
C932,0
C933,0
C937,0
C939,0
C940,0
C941,0
C942,0
C943,0
C944,0
C945,0
C946,0
C947,0
C950,0
C951,0
C952,0
C957,0
C959,0
C960,0
C961,0
C962,0
C963,0
C964,0
C965,0
C966,0
C967,0
C968,0
C969,0
C97X,0
D000,0
D001,0
D002,0
D010,0
D011,0
D012,0
D013,0
D014,0
D015,0
D017,0
D019,0
D020,0
D021,0
D022,1
D023,1
D024,1
D030,0
D031,0
D032,0
D033,0
D034,0
D035,0
D036,0
D037,0
D038,0
D039,0
D040,0
D041,0
D042,0
D043,0
D044,0
D045,0
D046,0
D047,0
D048,0
D049,0
D050,0
D051,0
D057,0
D059,0
D060,0
D061,0
D067,0
D069,0
D070,0
D071,0
D072,0
D073,0
D074,0
D075,0
D076,0
D090,0
D091,0
D092,0
D093,0
D097,0
D099,0
D100,0
D101,0
D102,0
D103,0
D104,0
D105,0
D106,0
D107,0
D109,0
D110,0
D117,0
D119,0
D120,0
D121,0
D122,0
D123,0
D124,0
D125,0
D126,0
D127,0
D128,0
D129,0
D130,0
D131,0
D132,0
D133,0
D134,0
D135,0
D136,0
D137,0
D139,0
D140,0
D141,0
D142,0
D143,1
D144,1
D150,0
D151,0
D152,0
D157,0
D159,0
D160,0
D161,0
D162,0
D163,0
D164,0
D165,0
D166,0
D167,0
D168,0
D169,0
D170,0
D171,0
D172,0
D173,0
D174,0
D175,0
D176,0
D177,0
D179,0
D180,0
D181,0
D190,0
D191,0
D197,0
D199,0
D200,0
D201,0
D210,0
D211,0
D212,0
D213,0
D214,0
D215,0
D216,0
D219,0
D220,0
D221,0
D222,0
D223,0
D224,0
D225,0
D226,0
D227,0
D229,0
D230,0
D231,0
D232,0
D233,0
D234,0
D235,0
D236,0
D237,0
D239,0
D24X,0
D250,0
D251,0
D252,0
D259,0
D260,0
D261,0
D267,0
D269,0
D27X,0
D280,0
D281,0
D282,0
D287,0
D289,0
D290,0
D291,0
D292,0
D293,0
D294,0
D297,0
D299,0
D300,0
D301,0
D302,0
D303,0
D304,0
D307,0
D309,0
D310,0
D311,0
D312,0
D313,0
D314,0
D315,0
D316,0
D319,0
D320,0
D321,0
D329,0
D330,0
D331,0
D332,0
D333,0
D334,0
D337,0
D339,0
D34X,0
D350,0
D351,0
D352,0
D353,0
D354,0
D355,0
D356,0
D357,0
D358,0
D359,0
D360,0
D361,0
D367,0
D369,0
D370,0
D371,0
D372,0
D373,0
D374,0
D375,0
D376,0
D377,0
D379,0
D380,0
D381,1
D382,0
D383,0
D384,0
D385,1
D386,1
D390,0
D391,0
D392,0
D397,0
D399,0
D400,0
D401,0
D407,0
D409,0
D410,0
D411,0
D412,0
D413,0
D414,0
D417,0
D419,0
D420,0
D421,0
D429,0
D430,0
D431,0
D432,0
D433,0
D434,0
D437,0
D439,0
D440,0
D441,0
D442,0
D443,0
D444,0
D445,0
D446,0
D447,0
D448,0
D449,0
D45X,0
D460,0
D461,0
D462,0
D463,0
D464,0
D465,0
D466,0
D467,0
D469,0
D470,0
D471,0
D472,0
D473,0
D474,0
D475,0
D477,0
D479,0
D480,0
D481,0
D482,0
D483,0
D484,0
D485,0
D486,0
D487,0
D489,0
D500,0
D501,0
D508,0
D509,0
D510,0
D511,0
D512,0
D513,0
D518,0
D519,0
D520,0
D521,0
D528,0
D529,0
D530,0
D531,0
D532,0
D538,0
D539,0
D550,0
D551,0
D552,0
D553,0
D558,0
D559,0
D560,0
D561,0
D562,0
D563,0
D564,0
D568,0
D569,0
D570,0
D571,0
D572,0
D573,0
D578,0
D580,0
D581,0
D582,0
D588,0
D589,0
D590,0
D591,0
D592,0
D593,0
D594,0
D595,0
D596,0
D598,0
D599,0
D600,0
D601,0
D608,0
D609,0
D610,0
D611,0
D612,0
D613,0
D618,0
D619,0
D62X,0
D630,0
D638,0
D640,0
D641,0
D642,0
D643,0
D644,0
D648,0
D649,0
D65X,0
D66X,0
D67X,0
D680,0
D681,0
D682,0
D683,0
D684,0
D685,0
D686,0
D688,0
D689,0
D690,0
D691,0
D692,0
D693,0
D694,0
D695,0
D696,0
D698,0
D699,0
D70X,0
D71X,0
D720,0
D721,0
D728,0
D729,0
D730,0
D731,0
D732,0
D733,0
D734,0
D735,0
D738,0
D739,0
D740,0
D748,0
D749,0
D750,0
D751,0
D752,0
D758,0
D759,0
D760,0
D761,0
D762,0
D763,0
D77X,0
D800,0
D801,0
D802,0
D803,0
D804,0
D805,0
D806,0
D807,0
D808,0
D809,0
D810,0
D811,0
D812,0
D813,0
D814,0
D815,0
D816,0
D817,0
D818,0
D819,0
D820,0
D821,0
D822,0
D823,0
D824,0
D828,0
D829,0
D830,0
D831,0
D832,0
D838,0
D839,0
D840,0
D841,0
D848,0
D849,0
D860,1
D861,0
D862,1
D863,0
D868,0
D869,0
D890,0
D891,0
D892,0
D893,0
D898,0
D899,0
E000,0
E001,0
E002,0
E009,0
E010,0
E011,0
E012,0
E018,0
E02X,0
E030,0
E031,0
E032,0
E033,0
E034,0
E035,0
E038,0
E039,0
E040,0
E041,0
E042,0
E048,0
E049,0
E050,0
E051,0
E052,0
E053,0
E054,0
E055,0
E058,0
E059,0
E060,0
E061,0
E062,0
E063,0
E064,0
E065,0
E069,0
E070,0
E071,0
E078,0
E079,0
E100,0
E101,0
E102,0
E103,0
E104,0
E105,0
E106,0
E107,0
E108,0
E109,0
E110,0
E111,0
E112,0
E113,0
E114,0
E115,0
E116,0
E117,0
E118,0
E119,0
E120,0
E121,0
E122,0
E123,0
E124,0
E125,0
E126,0
E127,0
E128,0
E129,0
E130,0
E131,0
E132,0
E133,0
E134,0
E135,0
E136,0
E137,0
E138,0
E139,0
E140,0
E141,0
E142,0
E143,0
E144,0
E145,0
E146,0
E147,0
E148,0
E149,0
E15X,0
E160,0
E161,0
E162,0
E163,0
E164,0
E168,0
E169,0
E200,0
E201,0
E208,0
E209,0
E210,0
E211,0
E212,0
E213,0
E214,0
E215,0
E220,0
E221,0
E222,0
E228,0
E229,0
E230,0
E231,0
E232,0
E233,0
E236,0
E237,0
E240,0
E241,0
E242,0
E243,0
E244,0
E248,0
E249,0
E250,0
E258,0
E259,0
E260,0
E261,0
E268,0
E269,0
E270,0
E271,0
E272,0
E273,0
E274,0
E275,0
E278,0
E279,0
E280,0
E281,0
E282,0
E283,0
E288,0
E289,0
E290,0
E291,0
E298,0
E299,0
E300,0
E301,0
E308,0
E309,0
E310,0
E311,0
E318,0
E319,0
E320,0
E321,0
E328,0
E329,0
E340,0
E341,0
E342,0
E343,0
E344,0
E345,0
E348,0
E349,0
E350,0
E351,0
E358,0
E40X,0
E41X,0
E42X,0
E43X,0
E440,0
E441,0
E45X,0
E46X,0
E500,0
E501,0
E502,0
E503,0
E504,0
E505,0
E506,0
E507,0
E508,0
E509,0
E511,0
E512,0
E518,0
E519,0
E52X,0
E530,0
E531,0
E538,0
E539,0
E54X,0
E550,0
E559,0
E560,0
E561,0
E568,0
E569,0
E58X,0
E59X,0
E60X,0
E610,0
E611,0
E612,0
E613,0
E614,0
E615,0
E616,0
E617,0
E618,0
E619,0
E630,0
E631,0
E638,0
E639,0
E640,0
E641,0
E642,0
E643,0
E648,0
E649,0
E65X,0
E660,0
E661,0
E662,0
E668,0
E669,0
E670,0
E671,0
E672,0
E673,0
E678,0
E68X,0
E700,0
E701,0
E702,0
E703,0
E708,0
E709,0
E710,0
E711,0
E712,0
E713,0
E720,0
E721,0
E722,0
E723,0
E724,0
E725,0
E728,0
E729,0
E730,0
E731,0
E738,0
E739,0
E740,0
E741,0
E742,0
E743,0
E744,0
E748,0
E749,0
E750,0
E751,0
E752,0
E753,0
E754,0
E755,0
E756,0
E760,0
E761,0
E762,0
E763,0
E768,0
E769,0
E770,0
E771,0
E778,0
E779,0
E780,0
E781,0
E782,0
E783,0
E784,0
E785,0
E786,0
E788,0
E789,0
E790,0
E791,0
E798,0
E799,0
E800,0
E801,0
E802,0
E803,0
E804,0
E805,0
E806,0
E807,0
E830,0
E831,0
E832,0
E833,0
E834,0
E835,0
E838,0
E839,0
E840,1
E841,0
E848,0
E849,0
E850,0
E851,0
E852,0
E853,0
E854,0
E858,0
E859,0
E86X,0
E870,0
E871,0
E872,0
E873,0
E874,0
E875,0
E876,0
E877,0
E878,0
E880,0
E881,0
E882,0
E883,0
E888,0
E889,0
E890,0
E891,0
E892,0
E893,0
E894,0
E895,0
E896,0
E898,0
E899,0
E90X,0
F000,0
F001,0
F002,0
F009,0
F010,0
F011,0
F012,0
F013,0
F018,0
F019,0
F020,0
F021,0
F022,0
F023,0
F024,0
F028,0
F03X,0
F04X,0
F050,0
F051,0
F058,0
F059,0
F060,0
F061,0
F062,0
F063,0
F064,0
F065,0
F066,0
F067,0
F068,0
F069,0
F070,0
F071,0
F072,0
F078,0
F079,0
F09X,0
F100,0
F101,0
F102,0
F103,0
F104,0
F105,0
F106,0
F107,0
F108,0
F109,0
F110,0
F111,0
F112,0
F113,0
F114,0
F115,0
F116,0
F117,0
F118,0
F119,0
F120,0
F121,0
F122,0
F123,0
F124,0
F125,0
F126,0
F127,0
F128,0
F129,0
F130,0
F131,0
F132,0
F133,0
F134,0
F135,0
F136,0
F137,0
F138,0
F139,0
F140,0
F141,0
F142,0
F143,0
F144,0
F145,0
F146,0
F147,0
F148,0
F149,0
F150,0
F151,0
F152,0
F153,0
F154,0
F155,0
F156,0
F157,0
F158,0
F159,0
F160,0
F161,0
F162,0
F163,0
F164,0
F165,0
F166,0
F167,0
F168,0
F169,0
F170,0
F171,0
F172,0
F173,0
F174,0
F175,0
F176,0
F177,0
F178,0
F179,0
F180,0
F181,0
F182,0
F183,0
F184,0
F185,0
F186,0
F187,0
F188,0
F189,0
F190,0
F191,0
F192,0
F193,0
F194,0
F195,0
F196,0
F197,0
F198,0
F199,0
F200,0
F201,0
F202,0
F203,0
F204,0
F205,0
F206,0
F208,0
F209,0
F21X,0
F220,0
F228,0
F229,0
F230,0
F231,0
F232,0
F233,0
F238,0
F239,0
F24X,0
F250,0
F251,0
F252,0
F258,0
F259,0
F28X,0
F29X,0
F300,0
F301,0
F302,0
F308,0
F309,0
F310,0
F311,0
F312,0
F313,0
F314,0
F315,0
F316,0
F317,0
F318,0
F319,0
F320,0
F321,0
F322,0
F323,0
F328,0
F329,0
F330,0
F331,0
F332,0
F333,0
F334,0
F338,0
F339,0
F340,0
F341,0
F348,0
F349,0
F380,0
F381,0
F388,0
F39X,0
F400,0
F401,0
F402,0
F408,0
F409,0
F410,0
F411,0
F412,0
F413,0
F418,0
F419,0
F420,0
F421,0
F422,0
F428,0
F429,0
F430,0
F431,0
F432,0
F438,0
F439,0
F440,0
F441,0
F442,0
F443,0
F444,0
F445,0
F446,0
F447,0
F448,0
F449,0
F450,0
F451,0
F452,0
F453,0
F454,0
F458,0
F459,0
F480,0
F481,0
F488,0
F489,0
F500,0
F501,0
F502,0
F503,0
F504,0
F505,0
F508,0
F509,0
F510,0
F511,0
F512,0
F513,0
F514,0
F515,0
F518,0
F519,0
F520,0
F521,0
F522,0
F523,0
F524,0
F525,0
F526,0
F527,0
F528,0
F529,0
F530,0
F531,0
F538,0
F539,0
F54X,0
F55X,0
F59X,0
F600,0
F601,0
F602,0
F603,0
F604,0
F605,0
F606,0
F607,0
F608,0
F609,0
F61X,0
F620,0
F621,0
F628,0
F629,0
F630,0
F631,0
F632,0
F633,0
F638,0
F639,0
F640,0
F641,0
F642,0
F648,0
F649,0
F650,0
F651,0
F652,0
F653,0
F654,0
F655,0
F656,0
F658,0
F659,0
F660,0
F661,0
F662,0
F668,0
F669,0
F680,0
F681,0
F688,0
F69X,0
F700,0
F701,0
F708,0
F709,0
F710,0
F711,0
F718,0
F719,0
F720,0
F721,0
F728,0
F729,0
F730,0
F731,0
F738,0
F739,0
F780,0
F781,0
F788,0
F789,0
F790,0
F791,0
F798,0
F799,0
F800,0
F801,0
F802,0
F803,0
F808,0
F809,0
F810,0
F811,0
F812,0
F813,0
F818,0
F819,0
F82X,0
F83X,0
F840,0
F841,0
F842,0
F843,0
F844,0
F845,0
F848,0
F849,0
F88X,0
F89X,0
F900,0
F901,0
F908,0
F909,0
F910,0
F911,0
F912,0
F913,0
F918,0
F919,0
F920,0
F928,0
F929,0
F930,0
F931,0
F932,0
F933,0
F938,0
F939,0
F940,0
F941,0
F942,0
F948,0
F949,0
F950,0
F951,0
F952,0
F958,0
F959,0
F980,0
F981,0
F982,0
F983,0
F984,0
F985,0
F986,0
F988,0
F989,0
F99X,0
G000,0
G001,0
G002,0
G003,0
G008,0
G009,0
G01X,0
G020,0
G021,0
G028,0
G030,0
G031,0
G032,0
G038,0
G039,0
G040,0
G041,0
G042,0
G048,0
G049,0
G050,0
G051,0
G052,0
G058,0
G060,0
G061,0
G062,0
G07X,0
G08X,0
G09X,0
G10X,0
G110,0
G111,0
G112,0
G113,0
G114,0
G118,0
G119,0
G120,0
G121,0
G122,0
G128,0
G129,0
G130,0
G131,0
G132,0
G138,0
G14X,0
G20X,0
G210,0
G211,0
G212,0
G213,0
G214,0
G218,0
G219,0
G22X,0
G230,0
G231,0
G232,0
G238,0
G239,0
G240,0
G241,0
G242,0
G243,0
G244,0
G245,0
G248,0
G249,0
G250,0
G251,0
G252,0
G253,0
G254,0
G255,0
G256,0
G258,0
G259,0
G26X,0
G300,0
G301,0
G308,0
G309,0
G310,0
G311,0
G312,0
G318,0
G319,0
G320,0
G328,0
G35X,0
G360,0
G361,0
G368,0
G369,0
G370,0
G371,0
G372,0
G373,0
G374,0
G375,0
G378,0
G379,0
G400,0
G401,0
G402,0
G403,0
G404,0
G405,0
G406,0
G407,0
G408,0
G409,0
G410,0
G411,0
G412,0
G418,0
G419,0
G430,0
G431,0
G432,0
G433,0
G438,0
G439,0
G440,0
G441,0
G442,0
G443,0
G444,0
G448,0
G450,0
G451,0
G452,0
G453,0
G454,0
G458,0
G459,0
G460,0
G461,0
G462,0
G463,0
G464,0
G465,0
G466,0
G467,0
G468,0
G470,0
G471,0
G472,0
G473,0
G474,0
G478,0
G479,0
G500,0
G501,0
G508,0
G509,0
G510,0
G511,0
G512,0
G513,0
G514,0
G518,0
G519,0
G520,0
G521,0
G522,0
G523,0
G527,0
G528,0
G529,0
G530,0
G531,0
G532,0
G533,0
G538,0
G540,0
G541,0
G542,0
G543,0
G544,0
G545,0
G546,0
G547,0
G548,0
G549,0
G550,0
G551,0
G552,0
G553,0
G558,0
G560,0
G561,0
G562,0
G563,0
G564,0
G568,0
G569,0
G570,0
G571,0
G572,0
G573,0
G574,0
G575,0
G576,0
G578,0
G579,0
G580,0
G587,0
G588,0
G589,0
G590,0
G598,0
G600,0
G601,0
G602,0
G603,0
G608,0
G609,0
G610,0
G611,0
G618,0
G619,0
G620,0
G621,0
G622,0
G628,0
G629,0
G630,0
G631,0
G632,0
G633,0
G634,0
G635,0
G636,0
G638,0
G64X,0
G700,0
G701,0
G702,0
G708,0
G709,0
G710,0
G711,0
G712,0
G713,0
G718,0
G719,0
G720,0
G721,0
G722,0
G723,0
G724,0
G728,0
G729,0
G730,0
G731,0
G732,0
G733,0
G734,0
G735,0
G736,0
G737,0
G800,0
G801,0
G802,0
G803,0
G804,0
G808,0
G809,0
G810,0
G811,0
G819,0
G820,0
G821,0
G822,0
G823,0
G824,0
G825,0
G830,0
G831,0
G832,0
G833,0
G834,0
G838,0
G839,0
G900,0
G901,0
G902,0
G903,0
G904,0
G908,0
G909,0
G910,0
G911,0
G912,0
G913,0
G918,0
G919,0
G92X,0
G930,0
G931,0
G932,0
G933,0
G934,0
G935,0
G936,0
G937,0
G938,0
G939,0
G940,0
G941,0
G942,0
G948,0
G950,0
G951,0
G952,0
G958,0
G959,0
G960,0
G961,0
G968,0
G969,0
G970,0
G971,0
G972,0
G978,0
G979,0
G98X,0
G990,0
G991,0
G992,0
G998,0
H000,0
H001,0
H010,0
H011,0
H018,0
H019,0
H020,0
H021,0
H022,0
H023,0
H024,0
H025,0
H026,0
H027,0
H028,0
H029,0
H030,0
H031,0
H038,0
H040,0
H041,0
H042,0
H043,0
H044,0
H045,0
H046,0
H048,0
H049,0
H050,0
H051,0
H052,0
H053,0
H054,0
H055,0
H058,0
H059,0
H060,0
H061,0
H062,0
H063,0
H100,0
H101,0
H102,0
H103,0
H104,0
H105,0
H108,0
H109,0
H110,0
H111,0
H112,0
H113,0
H114,0
H118,0
H119,0
H130,0
H131,0
H132,0
H133,0
H138,0
H150,0
H151,0
H158,0
H159,0
H160,0
H161,0
H162,0
H163,0
H164,0
H168,0
H169,0
H170,0
H171,0
H178,0
H179,0
H180,0
H181,0
H182,0
H183,0
H184,0
H185,0
H186,0
H187,0
H188,0
H189,0
H190,0
H191,0
H192,0
H193,0
H198,0
H200,0
H201,0
H202,0
H208,0
H209,0
H210,0
H211,0
H212,0
H213,0
H214,0
H215,0
H218,0
H219,0
H220,0
H221,0
H228,0
H250,0
H251,0
H252,0
H258,0
H259,0
H260,0
H261,0
H262,0
H263,0
H264,0
H268,0
H269,0
H270,0
H271,0
H278,0
H279,0
H280,0
H281,0
H282,0
H288,0
H300,0
H301,0
H302,0
H308,0
H309,0
H310,0
H311,0
H312,0
H313,0
H314,0
H318,0
H319,0
H320,0
H328,0
H330,0
H331,0
H332,0
H333,0
H334,0
H335,0
H340,0
H341,0
H342,0
H348,0
H349,0
H350,0
H351,0
H352,0
H353,0
H354,0
H355,0
H356,0
H357,0
H358,0
H359,0
H360,0
H368,0
H400,0
H401,0
H402,0
H403,0
H404,0
H405,0
H406,0
H408,0
H409,0
H420,0
H428,0
H430,0
H431,0
H432,0
H433,0
H438,0
H439,0
H440,0
H441,0
H442,0
H443,0
H444,0
H445,0
H446,0
H447,0
H448,0
H449,0
H450,0
H451,0
H458,0
H46X,0
H470,0
H471,0
H472,0
H473,0
H474,0
H475,0
H476,0
H477,0
H480,0
H481,0
H488,0
H490,0
H491,0
H492,0
H493,0
H494,0
H498,0
H499,0
H500,0
H501,0
H502,0
H503,0
H504,0
H505,0
H506,0
H508,0
H509,0
H510,0
H511,0
H512,0
H518,0
H519,0
H520,0
H521,0
H522,0
H523,0
H524,0
H525,0
H526,0
H527,0
H530,0
H531,0
H532,0
H533,0
H534,0
H535,0
H536,0
H538,0
H539,0
H540,0
H541,0
H542,0
H543,0
H544,0
H545,0
H546,0
H547,0
H549,0
H55X,0
H570,0
H571,0
H578,0
H579,0
H580,0
H581,0
H588,0
H590,0
H598,0
H599,0
H600,0
H601,0
H602,0
H603,0
H604,0
H605,0
H608,0
H609,0
H610,0
H611,0
H612,0
H613,0
H618,0
H619,0
H620,0
H621,0
H622,0
H623,0
H624,0
H628,0
H650,0
H651,0
H652,0
H653,0
H654,0
H659,0
H660,0
H661,0
H662,0
H663,0
H664,0
H669,0
H670,0
H671,0
H678,0
H680,0
H681,0
H690,0
H698,0
H699,0
H700,0
H701,0
H702,0
H708,0
H709,0
H71X,0
H720,0
H721,0
H722,0
H728,0
H729,0
H730,0
H731,0
H738,0
H739,0
H740,0
H741,0
H742,0
H743,0
H744,0
H748,0
H749,0
H750,0
H758,0
H800,0
H801,0
H802,0
H808,0
H809,0
H810,0
H811,0
H812,0
H813,0
H814,0
H818,0
H819,0
H82X,0
H830,0
H831,0
H832,0
H833,0
H838,0
H839,0
H900,0
H901,0
H902,0
H903,0
H904,0
H905,0
H906,0
H907,0
H908,0
H910,0
H911,0
H912,0
H913,0
H918,0
H919,0
H920,0
H921,0
H922,0
H930,0
H931,0
H932,0
H933,0
H938,0
H939,0
H940,0
H948,0
H950,0
H951,0
H958,0
H959,0
I00X,0
I010,0
I011,0
I012,0
I018,0
I019,0
I020,0
I029,0
I050,0
I051,0
I052,0
I058,0
I059,0
I060,0
I061,0
I062,0
I068,0
I069,0
I070,0
I071,0
I072,0
I078,0
I079,0
I080,0
I081,0
I082,0
I083,0
I088,0
I089,0
I090,0
I091,0
I092,0
I098,0
I099,0
I10X,0
I110,0
I119,0
I120,0
I129,0
I130,0
I131,0
I132,0
I139,0
I150,0
I151,0
I152,0
I158,0
I159,0
I200,0
I201,0
I208,0
I209,0
I210,0
I211,0
I212,0
I213,0
I214,0
I219,0
I220,0
I221,0
I228,0
I229,0
I230,0
I231,0
I232,0
I233,0
I234,0
I235,0
I236,0
I238,0
I240,0
I241,0
I248,0
I249,0
I250,0
I251,0
I252,0
I253,0
I254,0
I255,0
I256,0
I258,0
I259,0
I260,1
I269,1
I270,1
I271,0
I272,1
I278,1
I279,1
I280,1
I281,1
I288,1
I289,1
I300,0
I301,0
I308,0
I309,0
I310,0
I311,0
I312,0
I313,0
I318,0
I319,0
I320,0
I321,0
I328,0
I330,0
I339,0
I340,0
I341,0
I342,0
I348,0
I349,0
I350,0
I351,0
I352,0
I358,0
I359,0
I360,0
I361,0
I362,0
I368,0
I369,0
I370,1
I371,1
I372,1
I378,1
I379,1
I38X,0
I390,0
I391,0
I392,0
I393,1
I394,0
I398,0
I400,0
I401,0
I408,0
I409,0
I410,0
I411,0
I412,0
I418,0
I420,0
I421,0
I422,0
I423,0
I424,0
I425,0
I426,0
I427,0
I428,0
I429,0
I430,0
I431,0
I432,0
I438,0
I440,0
I441,0
I442,0
I443,0
I444,0
I445,0
I446,0
I447,0
I450,0
I451,0
I452,0
I453,0
I454,0
I455,0
I456,0
I458,0
I459,0
I460,0
I461,0
I469,0
I470,0
I471,0
I472,0
I479,0
I48X,0
I480,0
I481,0
I482,0
I483,0
I484,0
I489,0
I490,0
I491,0
I492,0
I493,0
I494,0
I495,0
I498,0
I499,0
I500,0
I501,0
I509,0
I510,0
I511,0
I512,0
I513,0
I514,0
I515,0
I516,0
I517,0
I518,0
I519,0
I520,0
I521,0
I528,0
I600,0
I601,0
I602,0
I603,0
I604,0
I605,0
I606,0
I607,0
I608,0
I609,0
I610,0
I611,0
I612,0
I613,0
I614,0
I615,0
I616,0
I618,0
I619,0
I620,0
I621,0
I629,0
I630,0
I631,0
I632,0
I633,0
I634,0
I635,0
I636,0
I638,0
I639,0
I64X,0
I650,0
I651,0
I652,0
I653,0
I658,0
I659,0
I660,0
I661,0
I662,0
I663,0
I664,0
I668,0
I669,0
I670,0
I671,0
I672,0
I673,0
I674,0
I675,0
I676,0
I677,0
I678,0
I679,0
I680,0
I681,0
I682,0
I688,0
I690,0
I691,0
I692,0
I693,0
I694,0
I698,0
I700,0
I701,0
I702,0
I708,0
I709,0
I710,0
I711,0
I712,0
I713,0
I714,0
I715,0
I716,0
I718,0
I719,0
I720,0
I721,0
I722,0
I723,0
I724,0
I725,0
I726,0
I728,0
I729,0
I730,0
I731,0
I738,0
I739,0
I740,0
I741,0
I742,0
I743,0
I744,0
I745,0
I748,0
I749,0
I770,0
I771,0
I772,0
I773,0
I774,0
I775,0
I776,0
I778,0
I779,0
I780,0
I781,0
I788,0
I789,0
I790,0
I791,0
I792,0
I798,0
I800,0
I801,0
I802,0
I803,0
I808,0
I809,0
I81X,0
I820,0
I821,0
I822,0
I823,0
I828,0
I829,0
I830,0
I831,0
I832,0
I839,0
I840,0
I841,0
I842,0
I843,0
I844,0
I845,0
I846,0
I847,0
I848,0
I849,0
I850,0
I859,0
I860,0
I861,0
I862,0
I863,0
I864,0
I868,0
I870,0
I871,0
I872,0
I878,0
I879,0
I880,0
I881,0
I888,0
I889,0
I890,0
I891,0
I898,0
I899,0
I950,0
I951,0
I952,0
I958,0
I959,0
I970,0
I971,0
I972,0
I978,0
I979,0
I980,0
I981,0
I982,0
I983,0
I988,0
I99X,0
J00X,0
J010,0
J011,0
J012,0
J013,0
J014,0
J018,0
J019,0
J020,0
J028,0
J029,0
J030,0
J038,0
J039,0
J040,0
J041,0
J042,0
J050,0
J051,0
J060,0
J068,1
J069,1
J09X,0
J100,1
J101,1
J108,0
J110,1
J111,1
J118,0
J120,1
J121,1
J122,1
J123,1
J128,1
J129,1
J13X,1
J14X,1
J150,1
J151,1
J152,1
J153,1
J154,1
J155,1
J156,1
J157,1
J158,1
J159,1
J160,1
J168,1
J170,1
J171,1
J172,1
J173,1
J178,1
J180,1
J181,1
J182,1
J188,1
J189,1
J200,1
J201,1
J202,1
J203,1
J204,1
J205,1
J206,1
J207,1
J208,1
J209,1
J210,1
J211,1
J218,1
J219,1
J22X,1
J300,0
J301,0
J302,0
J303,0
J304,0
J310,0
J311,0
J312,0
J320,0
J321,0
J322,0
J323,0
J324,0
J328,0
J329,0
J330,0
J331,0
J338,0
J339,0
J340,0
J341,0
J342,0
J343,0
J348,0
J350,0
J351,0
J352,0
J353,0
J358,0
J359,0
J36X,0
J370,0
J371,0
J380,0
J381,0
J382,0
J383,0
J384,0
J385,0
J386,0
J387,0
J390,0
J391,0
J392,0
J393,1
J398,1
J399,1
J40X,1
J410,1
J411,1
J418,1
J42X,1
J430,0
J431,0
J432,0
J438,0
J439,0
J440,1
J441,1
J448,1
J449,1
J450,1
J451,1
J458,1
J459,1
J46X,0
J47X,1
J60X,0
J61X,0
J620,0
J628,0
J630,1
J631,1
J632,0
J633,1
J634,0
J635,0
J638,0
J64X,0
J65X,0
J660,0
J661,0
J662,0
J668,0
J670,1
J671,0
J672,1
J673,0
J674,1
J675,1
J676,1
J677,0
J678,0
J679,0
J680,1
J681,1
J682,1
J683,1
J684,1
J688,1
J689,1
J690,0
J691,0
J698,0
J700,1
J701,1
J702,1
J703,1
J704,1
J708,1
J709,1
J80X,1
J81X,1
J82X,1
J840,0
J841,1
J848,1
J849,1
J850,1
J851,1
J852,1
J853,0
J860,0
J869,0
J90X,0
J91X,0
J920,0
J929,0
J930,0
J931,0
J938,0
J939,0
J940,0
J941,0
J942,0
J948,0
J949,0
J950,0
J951,1
J952,1
J953,1
J954,0
J955,0
J958,1
J959,1
J960,1
J961,1
J969,1
J980,1
J981,1
J982,0
J983,0
J984,1
J985,0
J986,0
J988,1
J989,1
J990,1
J991,1
J998,1
K000,0
K001,0
K002,0
K003,0
K004,0
K005,0
K006,0
K007,0
K008,0
K009,0
K010,0
K011,0
K020,0
K021,0
K022,0
K023,0
K024,0
K025,0
K028,0
K029,0
K030,0
K031,0
K032,0
K033,0
K034,0
K035,0
K036,0
K037,0
K038,0
K039,0
K040,0
K041,0
K042,0
K043,0
K044,0
K045,0
K046,0
K047,0
K048,0
K049,0
K050,0
K051,0
K052,0
K053,0
K054,0
K055,0
K056,0
K060,0
K061,0
K062,0
K068,0
K069,0
K070,0
K071,0
K072,0
K073,0
K074,0
K075,0
K076,0
K078,0
K079,0
K080,0
K081,0
K082,0
K083,0
K088,0
K089,0
K090,0
K091,0
K092,0
K098,0
K099,0
K100,0
K101,0
K102,0
K103,0
K108,0
K109,0
K110,0
K111,0
K112,0
K113,0
K114,0
K115,0
K116,0
K117,0
K118,0
K119,0
K120,0
K121,0
K122,0
K123,0
K130,0
K131,0
K132,0
K133,0
K134,0
K135,0
K136,0
K137,0
K140,0
K141,0
K142,0
K143,0
K144,0
K145,0
K146,0
K148,0
K149,0
K20X,0
K210,0
K219,0
K220,0
K221,0
K222,0
K223,0
K224,0
K225,0
K226,0
K227,0
K228,0
K229,0
K230,0
K231,0
K238,0
K250,0
K251,0
K252,0
K253,0
K254,0
K255,0
K256,0
K257,0
K259,0
K260,0
K261,0
K262,0
K263,0
K264,0
K265,0
K266,0
K267,0
K269,0
K270,0
K271,0
K272,0
K273,0
K274,0
K275,0
K276,0
K277,0
K279,0
K280,0
K281,0
K282,0
K283,0
K284,0
K285,0
K286,0
K287,0
K289,0
K290,0
K291,0
K292,0
K293,0
K294,0
K295,0
K296,0
K297,0
K298,0
K299,0
K30X,0
K310,0
K311,0
K312,0
K313,0
K314,0
K315,0
K316,0
K317,0
K318,0
K319,0
K350,0
K351,0
K352,0
K353,0
K358,0
K359,0
K36X,0
K37X,0
K380,0
K381,0
K382,0
K383,0
K388,0
K389,0
K400,0
K401,0
K402,0
K403,0
K404,0
K409,0
K410,0
K411,0
K412,0
K413,0
K414,0
K419,0
K420,0
K421,0
K429,0
K430,0
K431,0
K432,0
K433,0
K434,0
K435,0
K436,0
K437,0
K439,0
K440,0
K441,0
K449,0
K450,0
K451,0
K458,0
K460,0
K461,0
K469,0
K500,0
K501,0
K508,0
K509,0
K510,0
K511,0
K512,0
K513,0
K514,0
K515,0
K518,0
K519,0
K520,0
K521,0
K522,0
K523,0
K528,0
K529,0
K550,0
K551,0
K552,0
K558,0
K559,0
K560,0
K561,0
K562,0
K563,0
K564,0
K565,0
K566,0
K567,0
K570,0
K571,0
K572,0
K573,0
K574,0
K575,0
K578,0
K579,0
K580,0
K589,0
K590,0
K591,0
K592,0
K593,0
K594,0
K598,0
K599,0
K600,0
K601,0
K602,0
K603,0
K604,0
K605,0
K610,0
K611,0
K612,0
K613,0
K614,0
K620,0
K621,0
K622,0
K623,0
K624,0
K625,0
K626,0
K627,0
K628,0
K629,0
K630,0
K631,0
K632,0
K633,0
K634,0
K635,0
K638,0
K639,0
K640,0
K641,0
K642,0
K643,0
K644,0
K645,0
K648,0
K649,0
K650,0
K658,0
K659,0
K660,0
K661,0
K668,0
K669,0
K670,0
K671,0
K672,0
K673,0
K678,0
K700,0
K701,0
K702,0
K703,0
K704,0
K709,0
K710,0
K711,0
K712,0
K713,0
K714,0
K715,0
K716,0
K717,0
K718,0
K719,0
K720,0
K721,0
K729,0
K730,0
K731,0
K732,0
K738,0
K739,0
K740,0
K741,0
K742,0
K743,0
K744,0
K745,0
K746,0
K750,0
K751,0
K752,0
K753,0
K754,0
K758,0
K759,0
K760,0
K761,0
K762,0
K763,0
K764,0
K765,0
K766,0
K767,0
K768,0
K769,0
K770,0
K778,0
K800,0
K801,0
K802,0
K803,0
K804,0
K805,0
K808,0
K810,0
K811,0
K818,0
K819,0
K820,0
K821,0
K822,0
K823,0
K824,0
K828,0
K829,0
K830,0
K831,0
K832,0
K833,0
K834,0
K835,0
K838,0
K839,0
K850,0
K851,0
K852,0
K853,0
K858,0
K859,0
K85X,0
K860,0
K861,0
K862,0
K863,0
K868,0
K869,0
K870,0
K871,0
K900,0
K901,0
K902,0
K903,0
K904,0
K908,0
K909,0
K910,0
K911,0
K912,0
K913,0
K914,0
K915,0
K918,0
K919,0
K920,0
K921,0
K922,0
K928,0
K929,0
K930,0
K931,0
K938,0
L00X,0
L010,0
L011,0
L020,0
L021,0
L022,0
L023,0
L024,0
L028,0
L029,0
L030,0
L031,0
L032,0
L033,0
L038,0
L039,0
L040,0
L041,0
L042,0
L043,0
L048,0
L049,0
L050,0
L059,0
L080,0
L081,0
L088,0
L089,0
L100,0
L101,0
L102,0
L103,0
L104,0
L105,0
L108,0
L109,0
L110,0
L111,0
L118,0
L119,0
L120,0
L121,0
L122,0
L123,0
L128,0
L129,0
L130,0
L131,0
L138,0
L139,0
L14X,0
L200,0
L208,0
L209,0
L210,0
L211,0
L218,0
L219,0
L22X,0
L230,0
L231,0
L232,0
L233,0
L234,0
L235,0
L236,0
L237,0
L238,0
L239,0
L240,0
L241,0
L242,0
L243,0
L244,0
L245,0
L246,0
L247,0
L248,0
L249,0
L250,0
L251,0
L252,0
L253,0
L254,0
L255,0
L258,0
L259,0
L26X,0
L270,0
L271,0
L272,0
L278,0
L279,0
L280,0
L281,0
L282,0
L290,0
L291,0
L292,0
L293,0
L298,0
L299,0
L300,0
L301,0
L302,0
L303,0
L304,0
L305,0
L308,0
L309,0
L400,0
L401,0
L402,0
L403,0
L404,0
L405,0
L408,0
L409,0
L410,0
L411,0
L412,0
L413,0
L414,0
L415,0
L418,0
L419,0
L42X,0
L430,0
L431,0
L432,0
L433,0
L438,0
L439,0
L440,0
L441,0
L442,0
L443,0
L444,0
L448,0
L449,0
L45X,0
L500,0
L501,0
L502,0
L503,0
L504,0
L505,0
L506,0
L508,0
L509,0
L510,0
L511,0
L512,0
L518,0
L519,0
L52X,0
L530,0
L531,0
L532,0
L533,0
L538,0
L539,0
L540,0
L548,0
L550,0
L551,0
L552,0
L558,0
L559,0
L560,0
L561,0
L562,0
L563,0
L564,0
L568,0
L569,0
L570,0
L571,0
L572,0
L573,0
L574,0
L575,0
L578,0
L579,0
L580,0
L581,0
L589,0
L590,0
L598,0
L599,0
L600,0
L601,0
L602,0
L603,0
L604,0
L605,0
L608,0
L609,0
L620,0
L628,0
L630,0
L631,0
L632,0
L638,0
L639,0
L640,0
L648,0
L649,0
L650,0
L651,0
L652,0
L658,0
L659,0
L660,0
L661,0
L662,0
L663,0
L664,0
L668,0
L669,0
L670,0
L671,0
L678,0
L679,0
L680,0
L681,0
L682,0
L683,0
L688,0
L689,0
L700,0
L701,0
L702,0
L703,0
L704,0
L705,0
L708,0
L709,0
L710,0
L711,0
L718,0
L719,0
L720,0
L721,0
L722,0
L728,0
L729,0
L730,0
L731,0
L732,0
L738,0
L739,0
L740,0
L741,0
L742,0
L743,0
L744,0
L748,0
L749,0
L750,0
L751,0
L752,0
L758,0
L759,0
L80X,0
L810,0
L811,0
L812,0
L813,0
L814,0
L815,0
L816,0
L817,0
L818,0
L819,0
L82X,0
L83X,0
L84X,0
L850,0
L851,0
L852,0
L853,0
L858,0
L859,0
L86X,0
L870,0
L871,0
L872,0
L878,0
L879,0
L88X,0
L890,0
L891,0
L892,0
L893,0
L899,0
L89X,0
L900,0
L901,0
L902,0
L903,0
L904,0
L905,0
L906,0
L908,0
L909,0
L910,0
L918,0
L919,0
L920,0
L921,0
L922,0
L923,0
L928,0
L929,0
L930,0
L931,0
L932,0
L940,0
L941,0
L942,0
L943,0
L944,0
L945,0
L946,0
L948,0
L949,0
L950,0
L951,0
L958,0
L959,0
L97X,0
L980,0
L981,0
L982,0
L983,0
L984,0
L985,0
L986,0
L988,0
L989,0
L990,0
L998,0
M000,0
M001,0
M002,0
M008,0
M009,0
M010,0
M011,0
M012,0
M013,0
M014,0
M015,0
M016,0
M018,0
M020,0
M021,0
M022,0
M023,0
M028,0
M029,0
M030,0
M031,0
M032,0
M036,0
M050,0
M051,1
M052,0
M053,0
M058,0
M059,0
M060,0
M061,0
M062,0
M063,0
M064,0
M068,0
M069,0
M070,0
M071,0
M072,0
M073,0
M074,0
M075,0
M076,0
M080,0
M081,0
M082,0
M083,0
M084,0
M088,0
M089,0
M090,0
M091,0
M092,0
M098,0
M100,0
M101,0
M102,0
M103,0
M104,0
M109,0
M110,0
M111,0
M112,0
M118,0
M119,0
M120,0
M121,0
M122,0
M123,0
M124,0
M125,0
M128,0
M130,0
M131,0
M138,0
M139,0
M140,0
M141,0
M142,0
M143,0
M144,0
M145,0
M146,0
M148,0
M150,0
M151,0
M152,0
M153,0
M154,0
M158,0
M159,0
M160,0
M161,0
M162,0
M163,0
M164,0
M165,0
M166,0
M167,0
M169,0
M170,0
M171,0
M172,0
M173,0
M174,0
M175,0
M179,0
M180,0
M181,0
M182,0
M183,0
M184,0
M185,0
M189,0
M190,0
M191,0
M192,0
M198,0
M199,0
M200,0
M201,0
M202,0
M203,0
M204,0
M205,0
M206,0
M210,0
M211,0
M212,0
M213,0
M214,0
M215,0
M216,0
M217,0
M218,0
M219,0
M220,0
M221,0
M222,0
M223,0
M224,0
M228,0
M229,0
M230,0
M231,0
M232,0
M233,0
M234,0
M235,0
M236,0
M238,0
M239,0
M240,0
M241,0
M242,0
M243,0
M244,0
M245,0
M246,0
M247,0
M248,0
M249,0
M250,0
M251,0
M252,0
M253,0
M254,0
M255,0
M256,0
M257,0
M258,0
M259,0
M300,0
M301,1
M302,0
M303,0
M308,0
M310,0
M311,0
M312,0
M313,0
M314,0
M315,0
M316,0
M317,0
M318,0
M319,0
M320,0
M321,0
M328,0
M329,0
M330,0
M331,0
M332,0
M339,0
M340,0
M341,0
M342,0
M348,0
M349,0
M350,0
M351,0
M352,0
M353,0
M354,0
M355,0
M356,0
M357,0
M358,0
M359,0
M360,0
M361,0
M362,0
M363,0
M364,0
M368,0
M400,0
M401,0
M402,0
M403,0
M404,0
M405,0
M410,0
M411,0
M412,0
M413,0
M414,0
M415,0
M418,0
M419,0
M420,0
M421,0
M429,0
M430,0
M431,0
M432,0
M433,0
M434,0
M435,0
M436,0
M438,0
M439,0
M45X,0
M460,0
M461,0
M462,0
M463,0
M464,0
M465,0
M468,0
M469,0
M470,0
M471,0
M472,0
M478,0
M479,0
M480,0
M481,0
M482,0
M483,0
M484,0
M485,0
M488,0
M489,0
M490,0
M491,0
M492,0
M493,0
M494,0
M495,0
M498,0
M500,0
M501,0
M502,0
M503,0
M508,0
M509,0
M510,0
M511,0
M512,0
M513,0
M514,0
M518,0
M519,0
M530,0
M531,0
M532,0
M533,0
M538,0
M539,0
M540,0
M541,0
M542,0
M543,0
M544,0
M545,0
M546,0
M548,0
M549,0
M600,0
M601,0
M602,0
M608,0
M609,0
M610,0
M611,0
M612,0
M613,0
M614,0
M615,0
M619,0
M620,0
M621,0
M622,0
M623,0
M624,0
M625,0
M626,0
M628,0
M629,0
M630,0
M631,0
M632,0
M633,0
M638,0
M650,0
M651,0
M652,0
M653,0
M654,0
M658,0
M659,0
M660,0
M661,0
M662,0
M663,0
M664,0
M665,0
M670,0
M671,0
M672,0
M673,0
M674,0
M678,0
M679,0
M680,0
M688,0
M700,0
M701,0
M702,0
M703,0
M704,0
M705,0
M706,0
M707,0
M708,0
M709,0
M710,0
M711,0
M712,0
M713,0
M714,0
M715,0
M718,0
M719,0
M720,0
M721,0
M722,0
M723,0
M724,0
M725,0
M726,0
M728,0
M729,0
M730,0
M731,0
M738,0
M750,0
M751,0
M752,0
M753,0
M754,0
M755,0
M758,0
M759,0
M760,0
M761,0
M762,0
M763,0
M764,0
M765,0
M766,0
M767,0
M768,0
M769,0
M770,0
M771,0
M772,0
M773,0
M774,0
M775,0
M778,0
M779,0
M790,0
M791,0
M792,0
M793,0
M794,0
M795,0
M796,0
M797,0
M798,0
M799,0
M800,0
M801,0
M802,0
M803,0
M804,0
M805,0
M808,0
M809,0
M810,0
M811,0
M812,0
M813,0
M814,0
M815,0
M816,0
M818,0
M819,0
M820,0
M821,0
M828,0
M830,0
M831,0
M832,0
M833,0
M834,0
M835,0
M838,0
M839,0
M840,0
M841,0
M842,0
M843,0
M844,0
M848,0
M849,0
M850,0
M851,0
M852,0
M853,0
M854,0
M855,0
M856,0
M858,0
M859,0
M860,0
M861,0
M862,0
M863,0
M864,0
M865,0
M866,0
M868,0
M869,0
M870,0
M871,0
M872,0
M873,0
M878,0
M879,0
M880,0
M888,0
M889,0
M890,0
M891,0
M892,0
M893,0
M894,0
M895,0
M896,0
M898,0
M899,0
M900,0
M901,0
M902,0
M903,0
M904,0
M905,0
M906,0
M907,0
M908,0
M910,0
M911,0
M912,0
M913,0
M918,0
M919,0
M920,0
M921,0
M922,0
M923,0
M924,0
M925,0
M926,0
M927,0
M928,0
M929,0
M930,0
M931,0
M932,0
M938,0
M939,0
M940,0
M941,0
M942,0
M943,0
M948,0
M949,0
M950,0
M951,0
M952,0
M953,0
M954,0
M955,0
M958,0
M959,0
M960,0
M961,0
M962,0
M963,0
M964,0
M965,0
M966,0
M968,0
M969,0
M990,0
M991,0
M992,0
M993,0
M994,0
M995,0
M996,0
M997,0
M998,0
M999,0
N000,0
N001,0
N002,0
N003,0
N004,0
N005,0
N006,0
N007,0
N008,0
N009,0
N010,0
N011,0
N012,0
N013,0
N014,0
N015,0
N016,0
N017,0
N018,0
N019,0
N020,0
N021,0
N022,0
N023,0
N024,0
N025,0
N026,0
N027,0
N028,0
N029,0
N030,0
N031,0
N032,0
N033,0
N034,0
N035,0
N036,0
N037,0
N038,0
N039,0
N040,0
N041,0
N042,0
N043,0
N044,0
N045,0
N046,0
N047,0
N048,0
N049,0
N050,0
N051,0
N052,0
N053,0
N054,0
N055,0
N056,0
N057,0
N058,0
N059,0
N060,0
N061,0
N062,0
N063,0
N064,0
N065,0
N066,0
N067,0
N068,0
N069,0
N070,0
N071,0
N072,0
N073,0
N074,0
N075,0
N076,0
N077,0
N078,0
N079,0
N080,0
N081,0
N082,0
N083,0
N084,0
N085,0
N088,0
N10X,0
N110,0
N111,0
N118,0
N119,0
N12X,0
N130,0
N131,0
N132,0
N133,0
N134,0
N135,0
N136,0
N137,0
N138,0
N139,0
N140,0
N141,0
N142,0
N143,0
N144,0
N150,0
N151,0
N158,0
N159,0
N160,0
N161,0
N162,0
N163,0
N164,0
N165,0
N168,0
N170,0
N171,0
N172,0
N178,0
N179,0
N180,0
N181,0
N182,0
N183,0
N184,0
N185,0
N188,0
N189,0
N19X,0
N200,0
N201,0
N202,0
N209,0
N210,0
N211,0
N218,0
N219,0
N220,0
N228,0
N23X,0
N250,0
N251,0
N258,0
N259,0
N26X,0
N270,0
N271,0
N279,0
N280,0
N281,0
N288,0
N289,0
N290,0
N291,0
N298,0
N300,0
N301,0
N302,0
N303,0
N304,0
N308,0
N309,0
N310,0
N311,0
N312,0
N318,0
N319,0
N320,0
N321,0
N322,0
N323,0
N324,0
N328,0
N329,0
N330,0
N338,0
N340,0
N341,0
N342,0
N343,0
N350,0
N351,0
N358,0
N359,0
N360,0
N361,0
N362,0
N363,0
N368,0
N369,0
N370,0
N378,0
N390,0
N391,0
N392,0
N393,0
N394,0
N398,0
N399,0
N40X,0
N410,0
N411,0
N412,0
N413,0
N418,0
N419,0
N420,0
N421,0
N422,0
N423,0
N428,0
N429,0
N430,0
N431,0
N432,0
N433,0
N434,0
N44X,0
N450,0
N459,0
N46X,0
N47X,0
N480,0
N481,0
N482,0
N483,0
N484,0
N485,0
N486,0
N488,0
N489,0
N490,0
N491,0
N492,0
N498,0
N499,0
N500,0
N501,0
N508,0
N509,0
N510,0
N511,0
N512,0
N518,0
N600,0
N601,0
N602,0
N603,0
N604,0
N608,0
N609,0
N61X,0
N62X,0
N63X,0
N640,0
N641,0
N642,0
N643,0
N644,0
N645,0
N648,0
N649,0
N700,0
N701,0
N709,0
N710,0
N711,0
N719,0
N72X,0
N730,0
N731,0
N732,0
N733,0
N734,0
N735,0
N736,0
N738,0
N739,0
N740,0
N741,0
N742,0
N743,0
N744,0
N748,0
N750,0
N751,0
N758,0
N759,0
N760,0
N761,0
N762,0
N763,0
N764,0
N765,0
N766,0
N768,0
N770,0
N771,0
N778,0
N800,0
N801,0
N802,0
N803,0
N804,0
N805,0
N806,0
N808,0
N809,0
N810,0
N811,0
N812,0
N813,0
N814,0
N815,0
N816,0
N818,0
N819,0
N820,0
N821,0
N822,0
N823,0
N824,0
N825,0
N828,0
N829,0
N830,0
N831,0
N832,0
N833,0
N834,0
N835,0
N836,0
N837,0
N838,0
N839,0
N840,0
N841,0
N842,0
N843,0
N848,0
N849,0
N850,0
N851,0
N852,0
N853,0
N854,0
N855,0
N856,0
N857,0
N858,0
N859,0
N86X,0
N870,0
N871,0
N872,0
N879,0
N880,0
N881,0
N882,0
N883,0
N884,0
N888,0
N889,0
N890,0
N891,0
N892,0
N893,0
N894,0
N895,0
N896,0
N897,0
N898,0
N899,0
N900,0
N901,0
N902,0
N903,0
N904,0
N905,0
N906,0
N907,0
N908,0
N909,0
N910,0
N911,0
N912,0
N913,0
N914,0
N915,0
N920,0
N921,0
N922,0
N923,0
N924,0
N925,0
N926,0
N930,0
N938,0
N939,0
N940,0
N941,0
N942,0
N943,0
N944,0
N945,0
N946,0
N948,0
N949,0
N950,0
N951,0
N952,0
N953,0
N958,0
N959,0
N96X,0
N970,0
N971,0
N972,0
N973,0
N974,0
N978,0
N979,0
N980,0
N981,0
N982,0
N983,0
N988,0
N989,0
N990,0
N991,0
N992,0
N993,0
N994,0
N995,0
N998,0
N999,0
O000,0
O001,0
O002,0
O008,0
O009,0
O010,0
O011,0
O019,0
O020,0
O021,0
O028,0
O029,0
O030,0
O031,0
O032,0
O033,0
O034,0
O035,0
O036,0
O037,0
O038,0
O039,0
O040,0
O041,0
O042,0
O043,0
O044,0
O045,0
O046,0
O047,0
O048,0
O049,0
O050,0
O051,0
O052,0
O053,0
O054,0
O055,0
O056,0
O057,0
O058,0
O059,0
O060,0
O061,0
O062,0
O063,0
O064,0
O065,0
O066,0
O067,0
O068,0
O069,0
O070,0
O071,0
O072,0
O073,0
O074,0
O075,0
O076,0
O077,0
O078,0
O079,0
O080,0
O081,0
O082,0
O083,0
O084,0
O085,0
O086,0
O087,0
O088,0
O089,0
O100,0
O101,0
O102,0
O103,0
O104,0
O109,0
O11X,0
O120,0
O121,0
O122,0
O13X,0
O140,0
O141,0
O142,0
O149,0
O150,0
O151,0
O152,0
O159,0
O16X,0
O200,0
O208,0
O209,0
O210,0
O211,0
O212,0
O218,0
O219,0
O220,0
O221,0
O222,0
O223,0
O224,0
O225,0
O228,0
O229,0
O230,0
O231,0
O232,0
O233,0
O234,0
O235,0
O239,0
O240,0
O241,0
O242,0
O243,0
O244,0
O249,0
O25X,0
O260,0
O261,0
O262,0
O263,0
O264,0
O265,0
O266,0
O267,0
O268,0
O269,0
O280,0
O281,0
O282,0
O283,0
O284,0
O285,0
O288,0
O289,0
O290,1
O291,0
O292,0
O293,0
O294,0
O295,0
O296,0
O298,0
O299,0
O300,0
O301,0
O302,0
O308,0
O309,0
O310,0
O311,0
O312,0
O318,0
O320,0
O321,0
O322,0
O323,0
O324,0
O325,0
O326,0
O328,0
O329,0
O330,0
O331,0
O332,0
O333,0
O334,0
O335,0
O336,0
O337,0
O338,0
O339,0
O340,0
O341,0
O342,0
O343,0
O344,0
O345,0
O346,0
O347,0
O348,0
O349,0
O350,0
O351,0
O352,0
O353,0
O354,0
O355,0
O356,0
O357,0
O358,0
O359,0
O360,0
O361,0
O362,0
O363,0
O364,0
O365,0
O366,0
O367,0
O368,0
O369,0
O40X,0
O410,0
O411,0
O418,0
O419,0
O420,0
O421,0
O422,0
O429,0
O430,0
O431,0
O432,0
O438,0
O439,0
O440,0
O441,0
O450,0
O458,0
O459,0
O460,0
O468,0
O469,0
O470,0
O471,0
O479,0
O48X,0
O600,0
O601,0
O602,0
O603,0
O60X,0
O610,0
O611,0
O618,0
O619,0
O620,0
O621,0
O622,0
O623,0
O624,0
O628,0
O629,0
O630,0
O631,0
O632,0
O639,0
O640,0
O641,0
O642,0
O643,0
O644,0
O645,0
O648,0
O649,0
O650,0
O651,0
O652,0
O653,0
O654,0
O655,0
O658,0
O659,0
O660,0
O661,0
O662,0
O663,0
O664,0
O665,0
O668,0
O669,0
O670,0
O678,0
O679,0
O680,0
O681,0
O682,0
O683,0
O688,0
O689,0
O690,0
O691,0
O692,0
O693,0
O694,0
O695,0
O698,0
O699,0
O700,0
O701,0
O702,0
O703,0
O709,0
O710,0
O711,0
O712,0
O713,0
O714,0
O715,0
O716,0
O717,0
O718,0
O719,0
O720,0
O721,0
O722,0
O723,0
O730,0
O731,0
O740,0
O741,1
O742,0
O743,0
O744,0
O745,0
O746,0
O747,0
O748,0
O749,0
O750,0
O751,0
O752,0
O753,0
O754,0
O755,0
O756,0
O757,0
O758,0
O759,0
O800,0
O801,0
O808,0
O809,0
O810,0
O811,0
O812,0
O813,0
O814,0
O815,0
O820,0
O821,0
O822,0
O828,0
O829,0
O830,0
O831,0
O832,0
O833,0
O834,0
O838,0
O839,0
O840,0
O841,0
O842,0
O848,0
O849,0
O85X,0
O860,0
O861,0
O862,0
O863,0
O864,0
O868,0
O870,0
O871,0
O872,0
O873,0
O878,0
O879,0
O880,0
O881,0
O882,0
O883,0
O888,0
O890,1
O891,0
O892,0
O893,0
O894,0
O895,0
O896,0
O898,0
O899,0
O900,0
O901,0
O902,0
O903,0
O904,0
O905,0
O908,0
O909,0
O910,0
O911,0
O912,0
O920,0
O921,0
O922,0
O923,0
O924,0
O925,0
O926,0
O927,0
O95X,0
O960,0
O961,0
O969,0
O96X,0
O970,0
O971,0
O979,0
O97X,0
O980,0
O981,0
O982,0
O983,0
O984,0
O985,0
O986,0
O987,0
O988,0
O989,0
O990,0
O991,0
O992,0
O993,0
O994,0
O995,1
O996,0
O997,0
O998,0
P000,0
P001,0
P002,0
P003,1
P004,0
P005,0
P006,0
P007,0
P008,0
P009,0
P010,0
P011,0
P012,0
P013,0
P014,0
P015,0
P016,0
P017,0
P018,0
P019,0
P020,0
P021,0
P022,0
P023,0
P024,0
P025,0
P026,0
P027,0
P028,0
P029,0
P030,0
P031,0
P032,0
P033,0
P034,0
P035,0
P036,0
P038,0
P039,0
P040,0
P041,0
P042,0
P043,0
P044,0
P045,0
P046,0
P048,0
P049,0
P050,0
P051,0
P052,0
P059,0
P070,0
P071,0
P072,0
P073,0
P080,0
P081,0
P082,0
P100,0
P101,0
P102,0
P103,0
P104,0
P108,0
P109,0
P110,0
P111,0
P112,0
P113,0
P114,0
P115,0
P119,0
P120,0
P121,0
P122,0
P123,0
P124,0
P128,0
P129,0
P130,0
P131,0
P132,0
P133,0
P134,0
P138,0
P139,0
P140,0
P141,0
P142,0
P143,0
P148,0
P149,0
P150,0
P151,0
P152,0
P153,0
P154,0
P155,0
P156,0
P158,0
P159,0
P200,0
P201,0
P209,0
P210,0
P211,0
P219,0
P220,1
P221,0
P228,1
P229,1
P230,1
P231,1
P232,1
P233,1
P234,1
P235,1
P236,1
P238,1
P239,1
P240,0
P241,0
P242,0
P243,0
P248,0
P249,0
P250,0
P251,0
P252,0
P253,0
P258,0
P260,1
P261,1
P268,1
P269,1
P270,0
P271,1
P278,1
P279,1
P280,0
P281,0
P282,0
P283,0
P284,0
P285,1
P288,1
P289,1
P290,0
P291,0
P292,0
P293,0
P294,0
P298,0
P299,0
P350,0
P351,0
P352,0
P353,0
P358,0
P359,0
P360,0
P361,0
P362,0
P363,0
P364,0
P365,0
P368,0
P369,0
P370,0
P371,0
P372,0
P373,0
P374,0
P375,0
P378,0
P379,0
P38X,0
P390,0
P391,0
P392,0
P393,0
P394,0
P398,0
P399,0
P500,0
P501,0
P502,0
P503,0
P504,0
P505,0
P508,0
P509,0
P510,0
P518,0
P519,0
P520,0
P521,0
P522,0
P523,0
P524,0
P525,0
P526,0
P528,0
P529,0
P53X,0
P540,0
P541,0
P542,0
P543,0
P544,0
P545,0
P546,0
P548,0
P549,0
P550,0
P551,0
P558,0
P559,0
P560,0
P569,0
P570,0
P578,0
P579,0
P580,0
P581,0
P582,0
P583,0
P584,0
P585,0
P588,0
P589,0
P590,0
P591,0
P592,0
P593,0
P598,0
P599,0
P60X,0
P610,0
P611,0
P612,0
P613,0
P614,0
P615,0
P616,0
P618,0
P619,0
P700,0
P701,0
P702,0
P703,0
P704,0
P708,0
P709,0
P710,0
P711,0
P712,0
P713,0
P714,0
P718,0
P719,0
P720,0
P721,0
P722,0
P728,0
P729,0
P740,0
P741,0
P742,0
P743,0
P744,0
P745,0
P748,0
P749,0
P75X,0
P760,0
P761,0
P762,0
P768,0
P769,0
P77X,0
P780,0
P781,0
P782,0
P783,0
P788,0
P789,0
P800,0
P808,0
P809,0
P810,0
P818,0
P819,0
P830,0
P831,0
P832,0
P833,0
P834,0
P835,0
P836,0
P838,0
P839,0
P90X,0
P910,0
P911,0
P912,0
P913,0
P914,0
P915,0
P916,0
P918,0
P919,0
P920,0
P921,0
P922,0
P923,0
P924,0
P925,0
P928,0
P929,0
P93X,0
P940,0
P941,0
P942,0
P948,0
P949,0
P95X,0
P960,0
P961,0
P962,0
P963,0
P964,0
P965,0
P968,0
P969,0
Q000,0
Q001,0
Q002,0
Q010,0
Q011,0
Q012,0
Q018,0
Q019,0
Q02X,0
Q030,0
Q031,0
Q038,0
Q039,0
Q040,0
Q041,0
Q042,0
Q043,0
Q044,0
Q045,0
Q046,0
Q048,0
Q049,0
Q050,0
Q051,0
Q052,0
Q053,0
Q054,0
Q055,0
Q056,0
Q057,0
Q058,0
Q059,0
Q060,0
Q061,0
Q062,0
Q063,0
Q064,0
Q068,0
Q069,0
Q070,0
Q078,0
Q079,0
Q100,0
Q101,0
Q102,0
Q103,0
Q104,0
Q105,0
Q106,0
Q107,0
Q110,0
Q111,0
Q112,0
Q113,0
Q120,0
Q121,0
Q122,0
Q123,0
Q124,0
Q128,0
Q129,0
Q130,0
Q131,0
Q132,0
Q133,0
Q134,0
Q135,0
Q138,0
Q139,0
Q140,0
Q141,0
Q142,0
Q143,0
Q148,0
Q149,0
Q150,0
Q158,0
Q159,0
Q160,0
Q161,0
Q162,0
Q163,0
Q164,0
Q165,0
Q169,0
Q170,0
Q171,0
Q172,0
Q173,0
Q174,0
Q175,0
Q178,0
Q179,0
Q180,0
Q181,0
Q182,0
Q183,0
Q184,0
Q185,0
Q186,0
Q187,0
Q188,0
Q189,0
Q200,0
Q201,0
Q202,0
Q203,0
Q204,0
Q205,0
Q206,0
Q208,0
Q209,0
Q210,0
Q211,0
Q212,0
Q213,0
Q214,1
Q218,0
Q219,0
Q220,1
Q221,1
Q222,1
Q223,1
Q224,0
Q225,0
Q226,0
Q228,0
Q229,0
Q230,0
Q231,0
Q232,0
Q233,0
Q234,0
Q238,0
Q239,0
Q240,0
Q241,0
Q242,0
Q243,1
Q244,0
Q245,0
Q246,0
Q248,0
Q249,0
Q250,0
Q251,0
Q252,0
Q253,0
Q254,0
Q255,1
Q256,1
Q257,1
Q258,0
Q259,0
Q260,0
Q261,0
Q262,1
Q263,1
Q264,1
Q265,0
Q266,0
Q268,0
Q269,0
Q270,0
Q271,0
Q272,0
Q273,0
Q274,0
Q278,0
Q279,0
Q280,0
Q281,0
Q282,0
Q283,0
Q288,0
Q289,0
Q300,0
Q301,0
Q302,0
Q303,0
Q308,0
Q309,0
Q310,0
Q311,0
Q312,0
Q313,0
Q314,0
Q315,0
Q318,0
Q319,0
Q320,0
Q321,0
Q322,0
Q323,1
Q324,1
Q330,1
Q331,1
Q332,1
Q333,1
Q334,1
Q335,1
Q336,1
Q338,1
Q339,1
Q340,0
Q341,0
Q348,1
Q349,1
Q350,0
Q351,0
Q352,0
Q353,0
Q354,0
Q355,0
Q356,0
Q357,0
Q358,0
Q359,0
Q360,0
Q361,0
Q369,0
Q370,0
Q371,0
Q372,0
Q373,0
Q374,0
Q375,0
Q378,0
Q379,0
Q380,0
Q381,0
Q382,0
Q383,0
Q384,0
Q385,0
Q386,0
Q387,0
Q388,0
Q390,0
Q391,0
Q392,0
Q393,0
Q394,0
Q395,0
Q396,0
Q398,0
Q399,0
Q400,0
Q401,0
Q402,0
Q403,0
Q408,0
Q409,0
Q410,0
Q411,0
Q412,0
Q418,0
Q419,0
Q420,0
Q421,0
Q422,0
Q423,0
Q428,0
Q429,0
Q430,0
Q431,0
Q432,0
Q433,0
Q434,0
Q435,0
Q436,0
Q437,0
Q438,0
Q439,0
Q440,0
Q441,0
Q442,0
Q443,0
Q444,0
Q445,0
Q446,0
Q447,0
Q450,0
Q451,0
Q452,0
Q453,0
Q458,0
Q459,0
Q500,0
Q501,0
Q502,0
Q503,0
Q504,0
Q505,0
Q506,0
Q510,0
Q511,0
Q512,0
Q513,0
Q514,0
Q515,0
Q516,0
Q517,0
Q518,0
Q519,0
Q520,0
Q521,0
Q522,0
Q523,0
Q524,0
Q525,0
Q526,0
Q527,0
Q528,0
Q529,0
Q530,0
Q531,0
Q532,0
Q539,0
Q540,0
Q541,0
Q542,0
Q543,0
Q544,0
Q548,0
Q549,0
Q550,0
Q551,0
Q552,0
Q553,0
Q554,0
Q555,0
Q556,0
Q558,0
Q559,0
Q560,0
Q561,0
Q562,0
Q563,0
Q564,0
Q600,0
Q601,0
Q602,0
Q603,0
Q604,0
Q605,0
Q606,0
Q610,0
Q611,0
Q612,0
Q613,0
Q614,0
Q615,0
Q618,0
Q619,0
Q620,0
Q621,0
Q622,0
Q623,0
Q624,0
Q625,0
Q626,0
Q627,0
Q628,0
Q630,0
Q631,0
Q632,0
Q633,0
Q638,0
Q639,0
Q640,0
Q641,0
Q642,0
Q643,0
Q644,0
Q645,0
Q646,0
Q647,0
Q648,0
Q649,0
Q650,0
Q651,0
Q652,0
Q653,0
Q654,0
Q655,0
Q656,0
Q658,0
Q659,0
Q660,0
Q661,0
Q662,0
Q663,0
Q664,0
Q665,0
Q666,0
Q667,0
Q668,0
Q669,0
Q670,0
Q671,0
Q672,0
Q673,0
Q674,0
Q675,0
Q676,0
Q677,0
Q678,0
Q680,0
Q681,0
Q682,0
Q683,0
Q684,0
Q685,0
Q688,0
Q690,0
Q691,0
Q692,0
Q699,0
Q700,0
Q701,0
Q702,0
Q703,0
Q704,0
Q709,0
Q710,0
Q711,0
Q712,0
Q713,0
Q714,0
Q715,0
Q716,0
Q718,0
Q719,0
Q720,0
Q721,0
Q722,0
Q723,0
Q724,0
Q725,0
Q726,0
Q727,0
Q728,0
Q729,0
Q730,0
Q731,0
Q738,0
Q740,0
Q741,0
Q742,0
Q743,0
Q748,0
Q749,0
Q750,0
Q751,0
Q752,0
Q753,0
Q754,0
Q755,0
Q758,0
Q759,0
Q760,0
Q761,0
Q762,0
Q763,0
Q764,0
Q765,0
Q766,0
Q767,0
Q768,0
Q769,0
Q770,0
Q771,0
Q772,0
Q773,0
Q774,0
Q775,0
Q776,0
Q777,0
Q778,0
Q779,0
Q780,0
Q781,0
Q782,0
Q783,0
Q784,0
Q785,0
Q786,0
Q788,0
Q789,0
Q790,0
Q791,0
Q792,0
Q793,0
Q794,0
Q795,0
Q796,0
Q798,0
Q799,0
Q800,0
Q801,0
Q802,0
Q803,0
Q804,0
Q808,0
Q809,0
Q810,0
Q811,0
Q812,0
Q818,0
Q819,0
Q820,0
Q821,0
Q822,0
Q823,0
Q824,0
Q825,0
Q828,0
Q829,0
Q830,0
Q831,0
Q832,0
Q833,0
Q838,0
Q839,0
Q840,0
Q841,0
Q842,0
Q843,0
Q844,0
Q845,0
Q846,0
Q848,0
Q849,0
Q850,0
Q851,0
Q858,0
Q859,0
Q860,0
Q861,0
Q862,0
Q868,0
Q870,0
Q871,0
Q872,0
Q873,0
Q874,0
Q875,0
Q878,0
Q890,0
Q891,0
Q892,0
Q893,0
Q894,0
Q897,0
Q898,0
Q899,0
Q900,0
Q901,0
Q902,0
Q909,0
Q910,0
Q911,0
Q912,0
Q913,0
Q914,0
Q915,0
Q916,0
Q917,0
Q920,0
Q921,0
Q922,0
Q923,0
Q924,0
Q925,0
Q926,0
Q927,0
Q928,0
Q929,0
Q930,0
Q931,0
Q932,0
Q933,0
Q934,0
Q935,0
Q936,0
Q937,0
Q938,0
Q939,0
Q950,0
Q951,0
Q952,0
Q953,0
Q954,0
Q955,0
Q958,0
Q959,0
Q960,0
Q961,0
Q962,0
Q963,0
Q964,0
Q968,0
Q969,0
Q970,0
Q971,0
Q972,0
Q973,0
Q978,0
Q979,0
Q980,0
Q981,0
Q982,0
Q983,0
Q984,0
Q985,0
Q986,0
Q987,0
Q988,0
Q989,0
Q990,0
Q991,0
Q992,0
Q998,0
Q999,0
R000,0
R001,0
R002,0
R008,0
R010,0
R011,0
R012,0
R02X,0
R030,0
R031,0
R040,0
R041,0
R042,0
R048,1
R049,1
R05X,0
R060,0
R061,0
R062,0
R063,1
R064,0
R065,1
R066,0
R067,0
R068,1
R070,0
R071,1
R072,0
R073,0
R074,0
R090,0
R091,0
R092,1
R093,0
R098,1
R100,0
R101,0
R102,0
R103,0
R104,0
R11X,0
R12X,0
R13X,0
R14X,0
R15X,0
R160,0
R161,0
R162,0
R17X,0
R18X,0
R190,0
R191,0
R192,0
R193,0
R194,0
R195,0
R196,0
R198,0
R200,0
R201,0
R202,0
R203,0
R208,0
R21X,0
R220,0
R221,0
R222,0
R223,0
R224,0
R227,0
R229,0
R230,0
R231,0
R232,0
R233,0
R234,0
R238,0
R250,0
R251,0
R252,0
R253,0
R258,0
R260,0
R261,0
R262,0
R263,0
R268,0
R270,0
R278,0
R290,0
R291,0
R292,0
R293,0
R294,0
R296,0
R298,0
R300,0
R301,0
R309,0
R31X,0
R32X,0
R33X,0
R34X,0
R35X,0
R36X,0
R390,0
R391,0
R392,0
R398,0
R400,0
R401,0
R402,0
R410,0
R411,0
R412,0
R413,0
R418,0
R42X,0
R430,0
R431,0
R432,0
R438,0
R440,0
R441,0
R442,0
R443,0
R448,0
R450,0
R451,0
R452,0
R453,0
R454,0
R455,0
R456,0
R457,0
R458,0
R460,0
R461,0
R462,0
R463,0
R464,0
R465,0
R466,0
R467,0
R468,0
R470,0
R471,0
R478,0
R480,0
R481,0
R482,0
R488,0
R490,0
R491,0
R492,0
R498,0
R500,0
R501,0
R502,0
R508,0
R509,0
R51X,0
R520,0
R521,0
R522,0
R529,0
R53X,0
R54X,0
R55X,0
R560,0
R568,0
R570,0
R571,0
R572,0
R578,0
R579,0
R58X,0
R590,0
R591,0
R599,0
R600,0
R601,0
R609,0
R610,0
R611,0
R619,0
R620,0
R628,0
R629,0
R630,0
R631,0
R632,0
R633,0
R634,0
R635,0
R636,0
R638,0
R64X,0
R650,0
R651,0
R652,0
R653,0
R659,0
R680,0
R681,0
R682,0
R683,0
R688,0
R69X,0
R700,0
R701,0
R71X,0
R72X,0
R730,0
R739,0
R740,0
R748,0
R749,0
R75X,0
R760,0
R761,0
R762,0
R768,0
R769,0
R770,0
R771,0
R772,0
R778,0
R779,0
R780,0
R781,0
R782,0
R783,0
R784,0
R785,0
R786,0
R787,0
R788,0
R789,0
R790,0
R798,0
R799,0
R80X,0
R81X,0
R820,0
R821,0
R822,0
R823,0
R824,0
R825,0
R826,0
R827,0
R828,0
R829,0
R830,0
R831,0
R832,0
R833,0
R834,0
R835,0
R836,0
R837,0
R838,0
R839,0
R840,1
R841,1
R842,1
R843,1
R844,1
R845,1
R846,1
R847,1
R848,1
R849,1
R850,0
R851,0
R852,0
R853,0
R854,0
R855,0
R856,0
R857,0
R858,0
R859,0
R860,0
R861,0
R862,0
R863,0
R864,0
R865,0
R866,0
R867,0
R868,0
R869,0
R870,0
R871,0
R872,0
R873,0
R874,0
R875,0
R876,0
R877,0
R878,0
R879,0
R890,0
R891,0
R892,0
R893,0
R894,0
R895,0
R896,0
R897,0
R898,0
R899,0
R900,0
R908,0
R91X,1
R92X,0
R930,0
R931,0
R932,0
R933,0
R934,0
R935,0
R936,0
R937,0
R938,0
R940,0
R941,0
R942,1
R943,0
R944,0
R945,0
R946,0
R947,0
R948,0
R950,0
R959,0
R95X,0
R960,0
R961,0
R98X,0
R99X,0
V010,0
V011,0
V019,0
V020,0
V021,0
V029,0
V030,0
V031,0
V039,0
V040,0
V041,0
V049,0
V050,0
V051,0
V059,0
V060,0
V061,0
V069,0
V090,0
V091,0
V092,0
V093,0
V099,0
V100,0
V101,0
V102,0
V103,0
V104,0
V105,0
V109,0
V110,0
V111,0
V112,0
V113,0
V114,0
V115,0
V119,0
V120,0
V121,0
V122,0
V123,0
V124,0
V125,0
V129,0
V130,0
V131,0
V132,0
V133,0
V134,0
V135,0
V139,0
V140,0
V141,0
V142,0
V143,0
V144,0
V145,0
V149,0
V150,0
V151,0
V152,0
V153,0
V154,0
V155,0
V159,0
V160,0
V161,0
V162,0
V163,0
V164,0
V165,0
V169,0
V170,0
V171,0
V172,0
V173,0
V174,0
V175,0
V179,0
V180,0
V181,0
V182,0
V183,0
V184,0
V185,0
V189,0
V190,0
V191,0
V192,0
V193,0
V194,0
V195,0
V196,0
V198,0
V199,0
V200,0
V201,0
V202,0
V203,0
V204,0
V205,0
V209,0
V210,0
V211,0
V212,0
V213,0
V214,0
V215,0
V219,0
V220,0
V221,0
V222,0
V223,0
V224,0
V225,0
V229,0
V230,0
V231,0
V232,0
V233,0
V234,0
V235,0
V239,0
V240,0
V241,0
V242,0
V243,0
V244,0
V245,0
V249,0
V250,0
V251,0
V252,0
V253,0
V254,0
V255,0
V259,0
V260,0
V261,0
V262,0
V263,0
V264,0
V265,0
V269,0
V270,0
V271,0
V272,0
V273,0
V274,0
V275,0
V279,0
V280,0
V281,0
V282,0
V283,0
V284,0
V285,0
V289,0
V290,0
V291,0
V292,0
V293,0
V294,0
V295,0
V296,0
V298,0
V299,0
V300,0
V301,0
V302,0
V303,0
V304,0
V305,0
V306,0
V307,0
V309,0
V310,0
V311,0
V312,0
V313,0
V314,0
V315,0
V316,0
V317,0
V319,0
V320,0
V321,0
V322,0
V323,0
V324,0
V325,0
V326,0
V327,0
V329,0
V330,0
V331,0
V332,0
V333,0
V334,0
V335,0
V336,0
V337,0
V339,0
V340,0
V341,0
V342,0
V343,0
V344,0
V345,0
V346,0
V347,0
V349,0
V350,0
V351,0
V352,0
V353,0
V354,0
V355,0
V356,0
V357,0
V359,0
V360,0
V361,0
V362,0
V363,0
V364,0
V365,0
V366,0
V367,0
V369,0
V370,0
V371,0
V372,0
V373,0
V374,0
V375,0
V376,0
V377,0
V379,0
V380,0
V381,0
V382,0
V383,0
V384,0
V385,0
V386,0
V387,0
V389,0
V390,0
V391,0
V392,0
V393,0
V394,0
V395,0
V396,0
V398,0
V399,0
V400,0
V401,0
V402,0
V403,0
V404,0
V405,0
V406,0
V407,0
V409,0
V410,0
V411,0
V412,0
V413,0
V414,0
V415,0
V416,0
V417,0
V419,0
V420,0
V421,0
V422,0
V423,0
V424,0
V425,0
V426,0
V427,0
V429,0
V430,0
V431,0
V432,0
V433,0
V434,0
V435,0
V436,0
V437,0
V439,0
V440,0
V441,0
V442,0
V443,0
V444,0
V445,0
V446,0
V447,0
V449,0
V450,0
V451,0
V452,0
V453,0
V454,0
V455,0
V456,0
V457,0
V459,0
V460,0
V461,0
V462,0
V463,0
V464,0
V465,0
V466,0
V467,0
V469,0
V470,0
V471,0
V472,0
V473,0
V474,0
V475,0
V476,0
V477,0
V479,0
V480,0
V481,0
V482,0
V483,0
V484,0
V485,0
V486,0
V487,0
V489,0
V490,0
V491,0
V492,0
V493,0
V494,0
V495,0
V496,0
V498,0
V499,0
V500,0
V501,0
V502,0
V503,0
V504,0
V505,0
V506,0
V507,0
V509,0
V510,0
V511,0
V512,0
V513,0
V514,0
V515,0
V516,0
V517,0
V519,0
V520,0
V521,0
V522,0
V523,0
V524,0
V525,0
V526,0
V527,0
V529,0
V530,0
V531,0
V532,0
V533,0
V534,0
V535,0
V536,0
V537,0
V539,0
V540,0
V541,0
V542,0
V543,0
V544,0
V545,0
V546,0
V547,0
V549,0
V550,0
V551,0
V552,0
V553,0
V554,0
V555,0
V556,0
V557,0
V559,0
V560,0
V561,0
V562,0
V563,0
V564,0
V565,0
V566,0
V567,0
V569,0
V570,0
V571,0
V572,0
V573,0
V574,0
V575,0
V576,0
V577,0
V579,0
V580,0
V581,0
V582,0
V583,0
V584,0
V585,0
V586,0
V587,0
V589,0
V590,0
V591,0
V592,0
V593,0
V594,0
V595,0
V596,0
V598,0
V599,0
V600,0
V601,0
V602,0
V603,0
V604,0
V605,0
V606,0
V607,0
V609,0
V610,0
V611,0
V612,0
V613,0
V614,0
V615,0
V616,0
V617,0
V619,0
V620,0
V621,0
V622,0
V623,0
V624,0
V625,0
V626,0
V627,0
V629,0
V630,0
V631,0
V632,0
V633,0
V634,0
V635,0
V636,0
V637,0
V639,0
V640,0
V641,0
V642,0
V643,0
V644,0
V645,0
V646,0
V647,0
V649,0
V650,0
V651,0
V652,0
V653,0
V654,0
V655,0
V656,0
V657,0
V659,0
V660,0
V661,0
V662,0
V663,0
V664,0
V665,0
V666,0
V667,0
V669,0
V670,0
V671,0
V672,0
V673,0
V674,0
V675,0
V676,0
V677,0
V679,0
V680,0
V681,0
V682,0
V683,0
V684,0
V685,0
V686,0
V687,0
V689,0
V690,0
V691,0
V692,0
V693,0
V694,0
V695,0
V696,0
V698,0
V699,0
V700,0
V701,0
V702,0
V703,0
V704,0
V705,0
V706,0
V707,0
V709,0
V710,0
V711,0
V712,0
V713,0
V714,0
V715,0
V716,0
V717,0
V719,0
V720,0
V721,0
V722,0
V723,0
V724,0
V725,0
V726,0
V727,0
V729,0
V730,0
V731,0
V732,0
V733,0
V734,0
V735,0
V736,0
V737,0
V739,0
V740,0
V741,0
V742,0
V743,0
V744,0
V745,0
V746,0
V747,0
V749,0
V750,0
V751,0
V752,0
V753,0
V754,0
V755,0
V756,0
V757,0
V759,0
V760,0
V761,0
V762,0
V763,0
V764,0
V765,0
V766,0
V767,0
V769,0
V770,0
V771,0
V772,0
V773,0
V774,0
V775,0
V776,0
V777,0
V779,0
V780,0
V781,0
V782,0
V783,0
V784,0
V785,0
V786,0
V787,0
V789,0
V790,0
V791,0
V792,0
V793,0
V794,0
V795,0
V796,0
V798,0
V799,0
V800,0
V801,0
V802,0
V803,0
V804,0
V805,0
V806,0
V807,0
V808,0
V809,0
V810,0
V811,0
V812,0
V813,0
V814,0
V815,0
V816,0
V817,0
V818,0
V819,0
V820,0
V821,0
V822,0
V823,0
V824,0
V825,0
V826,0
V827,0
V828,0
V829,0
V830,0
V831,0
V832,0
V833,0
V834,0
V835,0
V836,0
V837,0
V839,0
V840,0
V841,0
V842,0
V843,0
V844,0
V845,0
V846,0
V847,0
V849,0
V850,0
V851,0
V852,0
V853,0
V854,0
V855,0
V856,0
V857,0
V859,0
V860,0
V861,0
V862,0
V863,0
V864,0
V865,0
V866,0
V867,0
V869,0
V870,0
V871,0
V872,0
V873,0
V874,0
V875,0
V876,0
V877,0
V878,0
V879,0
V880,0
V881,0
V882,0
V883,0
V884,0
V885,0
V886,0
V887,0
V888,0
V889,0
V890,0
V891,0
V892,0
V893,0
V899,0
V900,0
V901,0
V902,0
V903,0
V904,0
V905,0
V906,0
V907,0
V908,0
V909,0
V910,0
V911,0
V912,0
V913,0
V914,0
V915,0
V916,0
V917,0
V918,0
V919,0
V920,0
V921,0
V922,0
V923,0
V924,0
V925,0
V926,0
V927,0
V928,0
V929,0
V930,0
V931,0
V932,0
V933,0
V934,0
V935,0
V936,0
V937,0
V938,0
V939,0
V940,0
V941,0
V942,0
V943,0
V944,0
V945,0
V946,0
V947,0
V948,0
V949,0
V950,0
V951,0
V952,0
V953,0
V954,0
V958,0
V959,0
V960,0
V961,0
V962,0
V968,0
V969,0
V970,0
V971,0
V972,0
V973,0
V978,0
V98X,0
V99X,0
W000,0
W001,0
W002,0
W003,0
W004,0
W005,0
W006,0
W007,0
W008,0
W009,0
W010,0
W011,0
W012,0
W013,0
W014,0
W015,0
W016,0
W017,0
W018,0
W019,0
W020,0
W021,0
W022,0
W023,0
W024,0
W025,0
W026,0
W027,0
W028,0
W029,0
W030,0
W031,0
W032,0
W033,0
W034,0
W035,0
W036,0
W037,0
W038,0
W039,0
W040,0
W041,0
W042,0
W043,0
W044,0
W045,0
W046,0
W047,0
W048,0
W049,0
W050,0
W051,0
W052,0
W053,0
W054,0
W055,0
W056,0
W057,0
W058,0
W059,0
W060,0
W061,0
W062,0
W063,0
W064,0
W065,0
W066,0
W067,0
W068,0
W069,0
W070,0
W071,0
W072,0
W073,0
W074,0
W075,0
W076,0
W077,0
W078,0
W079,0
W080,0
W081,0
W082,0
W083,0
W084,0
W085,0
W086,0
W087,0
W088,0
W089,0
W090,0
W091,0
W092,0
W093,0
W094,0
W095,0
W096,0
W097,0
W098,0
W099,0
W100,0
W101,0
W102,0
W103,0
W104,0
W105,0
W106,0
W107,0
W108,0
W109,0
W110,0
W111,0
W112,0
W113,0
W114,0
W115,0
W116,0
W117,0
W118,0
W119,0
W120,0
W121,0
W122,0
W123,0
W124,0
W125,0
W126,0
W127,0
W128,0
W129,0
W130,0
W131,0
W132,0
W133,0
W134,0
W135,0
W136,0
W137,0
W138,0
W139,0
W140,0
W141,0
W142,0
W143,0
W144,0
W145,0
W146,0
W147,0
W148,0
W149,0
W150,0
W151,0
W152,0
W153,0
W154,0
W155,0
W156,0
W157,0
W158,0
W159,0
W160,0
W161,0
W162,0
W163,0
W164,0
W165,0
W166,0
W167,0
W168,0
W169,0
W170,0
W171,0
W172,0
W173,0
W174,0
W175,0
W176,0
W177,0
W178,0
W179,0
W180,0
W181,0
W182,0
W183,0
W184,0
W185,0
W186,0
W187,0
W188,0
W189,0
W190,0
W191,0
W192,0
W193,0
W194,0
W195,0
W196,0
W197,0
W198,0
W199,0
W200,0
W201,0
W202,0
W203,0
W204,0
W205,0
W206,0
W207,0
W208,0
W209,0
W210,0
W211,0
W212,0
W213,0
W214,0
W215,0
W216,0
W217,0
W218,0
W219,0
W220,0
W221,0
W222,0
W223,0
W224,0
W225,0
W226,0
W227,0
W228,0
W229,0
W230,0
W231,0
W232,0
W233,0
W234,0
W235,0
W236,0
W237,0
W238,0
W239,0
W240,0
W241,0
W242,0
W243,0
W244,0
W245,0
W246,0
W247,0
W248,0
W249,0
W250,0
W251,0
W252,0
W253,0
W254,0
W255,0
W256,0
W257,0
W258,0
W259,0
W260,0
W261,0
W262,0
W263,0
W264,0
W265,0
W266,0
W267,0
W268,0
W269,0
W270,0
W271,0
W272,0
W273,0
W274,0
W275,0
W276,0
W277,0
W278,0
W279,0
W280,0
W281,0
W282,0
W283,0
W284,0
W285,0
W286,0
W287,0
W288,0
W289,0
W290,0
W291,0
W292,0
W293,0
W294,0
W295,0
W296,0
W297,0
W298,0
W299,0
W300,0
W301,0
W302,0
W303,0
W304,0
W305,0
W306,0
W307,0
W308,0
W309,0
W310,0
W311,0
W312,0
W313,0
W314,0
W315,0
W316,0
W317,0
W318,0
W319,0
W320,0
W321,0
W322,0
W323,0
W324,0
W325,0
W326,0
W327,0
W328,0
W329,0
W330,0
W331,0
W332,0
W333,0
W334,0
W335,0
W336,0
W337,0
W338,0
W339,0
W340,0
W341,0
W342,0
W343,0
W344,0
W345,0
W346,0
W347,0
W348,0
W349,0
W350,0
W351,0
W352,0
W353,0
W354,0
W355,0
W356,0
W357,0
W358,0
W359,0
W360,0
W361,0
W362,0
W363,0
W364,0
W365,0
W366,0
W367,0
W368,0
W369,0
W370,0
W371,0
W372,0
W373,0
W374,0
W375,0
W376,0
W377,0
W378,0
W379,0
W380,0
W381,0
W382,0
W383,0
W384,0
W385,0
W386,0
W387,0
W388,0
W389,0
W390,0
W391,0
W392,0
W393,0
W394,0
W395,0
W396,0
W397,0
W398,0
W399,0
W400,0
W401,0
W402,0
W403,0
W404,0
W405,0
W406,0
W407,0
W408,0
W409,0
W410,0
W411,0
W412,0
W413,0
W414,0
W415,0
W416,0
W417,0
W418,0
W419,0
W420,0
W421,0
W422,0
W423,0
W424,0
W425,0
W426,0
W427,0
W428,0
W429,0
W430,0
W431,0
W432,0
W433,0
W434,0
W435,0
W436,0
W437,0
W438,0
W439,0
W440,0
W441,0
W442,0
W443,0
W444,0
W445,0
W446,0
W447,0
W448,0
W449,0
W450,0
W451,0
W452,0
W453,0
W454,0
W455,0
W456,0
W457,0
W458,0
W459,0
W460,0
W461,0
W462,0
W463,0
W464,0
W465,0
W466,0
W467,0
W468,0
W469,0
W490,0
W491,0
W492,0
W493,0
W494,0
W495,0
W496,0
W497,0
W498,0
W499,0
W500,0
W501,0
W502,0
W503,0
W504,0
W505,0
W506,0
W507,0
W508,0
W509,0
W510,0
W511,0
W512,0
W513,0
W514,0
W515,0
W516,0
W517,0
W518,0
W519,0
W520,0
W521,0
W522,0
W523,0
W524,0
W525,0
W526,0
W527,0
W528,0
W529,0
W530,0
W531,0
W532,0
W533,0
W534,0
W535,0
W536,0
W537,0
W538,0
W539,0
W540,0
W541,0
W542,0
W543,0
W544,0
W545,0
W546,0
W547,0
W548,0
W549,0
W550,0
W551,0
W552,0
W553,0
W554,0
W555,0
W556,0
W557,0
W558,0
W559,0
W560,0
W561,0
W562,0
W563,0
W564,0
W565,0
W566,0
W567,0
W568,0
W569,0
W570,0
W571,0
W572,0
W573,0
W574,0
W575,0
W576,0
W577,0
W578,0
W579,0
W580,0
W581,0
W582,0
W583,0
W584,0
W585,0
W586,0
W587,0
W588,0
W589,0
W590,0
W591,0
W592,0
W593,0
W594,0
W595,0
W596,0
W597,0
W598,0
W599,0
W600,0
W601,0
W602,0
W603,0
W604,0
W605,0
W606,0
W607,0
W608,0
W609,0
W640,0
W641,0
W642,0
W643,0
W644,0
W645,0
W646,0
W647,0
W648,0
W649,0
W650,0
W651,0
W652,0
W653,0
W654,0
W655,0
W656,0
W657,0
W658,0
W659,0
W660,0
W661,0
W662,0
W663,0
W664,0
W665,0
W666,0
W667,0
W668,0
W669,0
W670,0
W671,0
W672,0
W673,0
W674,0
W675,0
W676,0
W677,0
W678,0
W679,0
W680,0
W681,0
W682,0
W683,0
W684,0
W685,0
W686,0
W687,0
W688,0
W689,0
W690,0
W691,0
W692,0
W693,0
W694,0
W695,0
W696,0
W697,0
W698,0
W699,0
W700,0
W701,0
W702,0
W703,0
W704,0
W705,0
W706,0
W707,0
W708,0
W709,0
W730,0
W731,0
W732,0
W733,0
W734,0
W735,0
W736,0
W737,0
W738,0
W739,0
W740,0
W741,0
W742,0
W743,0
W744,0
W745,0
W746,0
W747,0
W748,0
W749,0
W750,0
W751,0
W752,0
W753,0
W754,0
W755,0
W756,0
W757,0
W758,0
W759,0
W760,0
W761,0
W762,0
W763,0
W764,0
W765,0
W766,0
W767,0
W768,0
W769,0
W770,1
W771,1
W772,1
W773,1
W774,1
W775,1
W776,1
W777,1
W778,1
W779,1
W780,0
W781,0
W782,0
W783,0
W784,0
W785,0
W786,0
W787,0
W788,0
W789,0
W790,1
W791,1
W792,1
W793,1
W794,1
W795,1
W796,1
W797,1
W798,1
W799,1
W800,1
W801,1
W802,1
W803,1
W804,1
W805,1
W806,1
W807,1
W808,1
W809,1
W810,0
W811,0
W812,0
W813,0
W814,0
W815,0
W816,0
W817,0
W818,0
W819,0
W830,1
W831,1
W832,1
W833,1
W834,1
W835,1
W836,1
W837,1
W838,1
W839,1
W840,1
W841,1
W842,1
W843,1
W844,1
W845,1
W846,1
W847,1
W848,1
W849,1
W850,0
W851,0
W852,0
W853,0
W854,0
W855,0
W856,0
W857,0
W858,0
W859,0
W860,0
W861,0
W862,0
W863,0
W864,0
W865,0
W866,0
W867,0
W868,0
W869,0
W870,0
W871,0
W872,0
W873,0
W874,0
W875,0
W876,0
W877,0
W878,0
W879,0
W880,0
W881,0
W882,0
W883,0
W884,0
W885,0
W886,0
W887,0
W888,0
W889,0
W890,0
W891,0
W892,0
W893,0
W894,0
W895,0
W896,0
W897,0
W898,0
W899,0
W900,0
W901,0
W902,0
W903,0
W904,0
W905,0
W906,0
W907,0
W908,0
W909,0
W910,0
W911,0
W912,0
W913,0
W914,0
W915,0
W916,0
W917,0
W918,0
W919,0
W920,0
W921,0
W922,0
W923,0
W924,0
W925,0
W926,0
W927,0
W928,0
W929,0
W930,0
W931,0
W932,0
W933,0
W934,0
W935,0
W936,0
W937,0
W938,0
W939,0
W940,0
W941,0
W942,0
W943,0
W944,0
W945,0
W946,0
W947,0
W948,0
W949,0
W990,0
W991,0
W992,0
W993,0
W994,0
W995,0
W996,0
W997,0
W998,0
W999,0
X000,0
X001,0
X002,0
X003,0
X004,0
X005,0
X006,0
X007,0
X008,0
X009,0
X010,0
X011,0
X012,0
X013,0
X014,0
X015,0
X016,0
X017,0
X018,0
X019,0
X020,0
X021,0
X022,0
X023,0
X024,0
X025,0
X026,0
X027,0
X028,0
X029,0
X030,0
X031,0
X032,0
X033,0
X034,0
X035,0
X036,0
X037,0
X038,0
X039,0
X040,0
X041,0
X042,0
X043,0
X044,0
X045,0
X046,0
X047,0
X048,0
X049,0
X050,0
X051,0
X052,0
X053,0
X054,0
X055,0
X056,0
X057,0
X058,0
X059,0
X060,0
X061,0
X062,0
X063,0
X064,0
X065,0
X066,0
X067,0
X068,0
X069,0
X080,0
X081,0
X082,0
X083,0
X084,0
X085,0
X086,0
X087,0
X088,0
X089,0
X090,0
X091,0
X092,0
X093,0
X094,0
X095,0
X096,0
X097,0
X098,0
X099,0
X100,0
X101,0
X102,0
X103,0
X104,0
X105,0
X106,0
X107,0
X108,0
X109,0
X110,0
X111,0
X112,0
X113,0
X114,0
X115,0
X116,0
X117,0
X118,0
X119,0
X120,0
X121,0
X122,0
X123,0
X124,0
X125,0
X126,0
X127,0
X128,0
X129,0
X130,0
X131,0
X132,0
X133,0
X134,0
X135,0
X136,0
X137,0
X138,0
X139,0
X140,0
X141,0
X142,0
X143,0
X144,0
X145,0
X146,0
X147,0
X148,0
X149,0
X150,0
X151,0
X152,0
X153,0
X154,0
X155,0
X156,0
X157,0
X158,0
X159,0
X160,0
X161,0
X162,0
X163,0
X164,0
X165,0
X166,0
X167,0
X168,0
X169,0
X170,0
X171,0
X172,0
X173,0
X174,0
X175,0
X176,0
X177,0
X178,0
X179,0
X180,0
X181,0
X182,0
X183,0
X184,0
X185,0
X186,0
X187,0
X188,0
X189,0
X190,0
X191,0
X192,0
X193,0
X194,0
X195,0
X196,0
X197,0
X198,0
X199,0
X200,0
X201,0
X202,0
X203,0
X204,0
X205,0
X206,0
X207,0
X208,0
X209,0
X210,0
X211,0
X212,0
X213,0
X214,0
X215,0
X216,0
X217,0
X218,0
X219,0
X220,0
X221,0
X222,0
X223,0
X224,0
X225,0
X226,0
X227,0
X228,0
X229,0
X230,0
X231,0
X232,0
X233,0
X234,0
X235,0
X236,0
X237,0
X238,0
X239,0
X240,0
X241,0
X242,0
X243,0
X244,0
X245,0
X246,0
X247,0
X248,0
X249,0
X250,0
X251,0
X252,0
X253,0
X254,0
X255,0
X256,0
X257,0
X258,0
X259,0
X260,0
X261,0
X262,0
X263,0
X264,0
X265,0
X266,0
X267,0
X268,0
X269,0
X270,0
X271,0
X272,0
X273,0
X274,0
X275,0
X276,0
X277,0
X278,0
X279,0
X280,0
X281,0
X282,0
X283,0
X284,0
X285,0
X286,0
X287,0
X288,0
X289,0
X290,0
X291,0
X292,0
X293,0
X294,0
X295,0
X296,0
X297,0
X298,0
X299,0
X300,0
X301,0
X302,0
X303,0
X304,0
X305,0
X306,0
X307,0
X308,0
X309,0
X310,0
X311,0
X312,0
X313,0
X314,0
X315,0
X316,0
X317,0
X318,0
X319,0
X320,0
X321,0
X322,0
X323,0
X324,0
X325,0
X326,0
X327,0
X328,0
X329,0
X330,0
X331,0
X332,0
X333,0
X334,0
X335,0
X336,0
X337,0
X338,0
X339,0
X340,0
X341,0
X342,0
X343,0
X344,0
X345,0
X346,0
X347,0
X348,0
X349,0
X350,0
X351,0
X352,0
X353,0
X354,0
X355,0
X356,0
X357,0
X358,0
X359,0
X360,0
X361,0
X362,0
X363,0
X364,0
X365,0
X366,0
X367,0
X368,0
X369,0
X370,0
X371,0
X372,0
X373,0
X374,0
X375,0
X376,0
X377,0
X378,0
X379,0
X380,0
X381,0
X382,0
X383,0
X384,0
X385,0
X386,0
X387,0
X388,0
X389,0
X390,0
X391,0
X392,0
X393,0
X394,0
X395,0
X396,0
X397,0
X398,0
X399,0
X400,0
X401,0
X402,0
X403,0
X404,0
X405,0
X406,0
X407,0
X408,0
X409,0
X410,0
X411,0
X412,0
X413,0
X414,0
X415,0
X416,0
X417,0
X418,0
X419,0
X420,0
X421,0
X422,0
X423,0
X424,0
X425,0
X426,0
X427,0
X428,0
X429,0
X430,0
X431,0
X432,0
X433,0
X434,0
X435,0
X436,0
X437,0
X438,0
X439,0
X440,0
X441,0
X442,0
X443,0
X444,0
X445,0
X446,0
X447,0
X448,0
X449,0
X450,0
X451,0
X452,0
X453,0
X454,0
X455,0
X456,0
X457,0
X458,0
X459,0
X460,0
X461,0
X462,0
X463,0
X464,0
X465,0
X466,0
X467,0
X468,0
X469,0
X470,0
X471,0
X472,0
X473,0
X474,0
X475,0
X476,0
X477,0
X478,0
X479,0
X480,0
X481,0
X482,0
X483,0
X484,0
X485,0
X486,0
X487,0
X488,0
X489,0
X490,0
X491,0
X492,0
X493,0
X494,0
X495,0
X496,0
X497,0
X498,0
X499,0
X500,0
X501,0
X502,0
X503,0
X504,0
X505,0
X506,0
X507,0
X508,0
X509,0
X510,0
X511,0
X512,0
X513,0
X514,0
X515,0
X516,0
X517,0
X518,0
X519,0
X520,0
X521,0
X522,0
X523,0
X524,0
X525,0
X526,0
X527,0
X528,0
X529,0
X530,0
X531,0
X532,0
X533,0
X534,0
X535,0
X536,0
X537,0
X538,0
X539,0
X540,0
X541,0
X542,0
X543,0
X544,0
X545,0
X546,0
X547,0
X548,0
X549,0
X570,0
X571,0
X572,0
X573,0
X574,0
X575,0
X576,0
X577,0
X578,0
X579,0
X580,0
X581,0
X582,0
X583,0
X584,0
X585,0
X586,0
X587,0
X588,0
X589,0
X590,0
X591,0
X592,0
X593,0
X594,0
X595,0
X596,0
X597,0
X598,0
X599,0
X600,0
X601,0
X602,0
X603,0
X604,0
X605,0
X606,0
X607,0
X608,0
X609,0
X610,0
X611,0
X612,0
X613,0
X614,0
X615,0
X616,0
X617,0
X618,0
X619,0
X620,0
X621,0
X622,0
X623,0
X624,0
X625,0
X626,0
X627,0
X628,0
X629,0
X630,0
X631,0
X632,0
X633,0
X634,0
X635,0
X636,0
X637,0
X638,0
X639,0
X640,0
X641,0
X642,0
X643,0
X644,0
X645,0
X646,0
X647,0
X648,0
X649,0
X650,0
X651,0
X652,0
X653,0
X654,0
X655,0
X656,0
X657,0
X658,0
X659,0
X660,0
X661,0
X662,0
X663,0
X664,0
X665,0
X666,0
X667,0
X668,0
X669,0
X670,0
X671,0
X672,0
X673,0
X674,0
X675,0
X676,0
X677,0
X678,0
X679,0
X680,0
X681,0
X682,0
X683,0
X684,0
X685,0
X686,0
X687,0
X688,0
X689,0
X690,0
X691,0
X692,0
X693,0
X694,0
X695,0
X696,0
X697,0
X698,0
X699,0
X700,0
X701,0
X702,0
X703,0
X704,0
X705,0
X706,0
X707,0
X708,0
X709,0
X710,0
X711,0
X712,0
X713,0
X714,0
X715,0
X716,0
X717,0
X718,0
X719,0
X720,0
X721,0
X722,0
X723,0
X724,0
X725,0
X726,0
X727,0
X728,0
X729,0
X730,0
X731,0
X732,0
X733,0
X734,0
X735,0
X736,0
X737,0
X738,0
X739,0
X740,0
X741,0
X742,0
X743,0
X744,0
X745,0
X746,0
X747,0
X748,0
X749,0
X750,0
X751,0
X752,0
X753,0
X754,0
X755,0
X756,0
X757,0
X758,0
X759,0
X760,0
X761,0
X762,0
X763,0
X764,0
X765,0
X766,0
X767,0
X768,0
X769,0
X770,0
X771,0
X772,0
X773,0
X774,0
X775,0
X776,0
X777,0
X778,0
X779,0
X780,0
X781,0
X782,0
X783,0
X784,0
X785,0
X786,0
X787,0
X788,0
X789,0
X790,0
X791,0
X792,0
X793,0
X794,0
X795,0
X796,0
X797,0
X798,0
X799,0
X800,0
X801,0
X802,0
X803,0
X804,0
X805,0
X806,0
X807,0
X808,0
X809,0
X810,0
X811,0
X812,0
X813,0
X814,0
X815,0
X816,0
X817,0
X818,0
X819,0
X820,0
X821,0
X822,0
X823,0
X824,0
X825,0
X826,0
X827,0
X828,0
X829,0
X830,0
X831,0
X832,0
X833,0
X834,0
X835,0
X836,0
X837,0
X838,0
X839,0
X840,0
X841,0
X842,0
X843,0
X844,0
X845,0
X846,0
X847,0
X848,0
X849,0
X850,0
X851,0
X852,0
X853,0
X854,0
X855,0
X856,0
X857,0
X858,0
X859,0
X860,0
X861,0
X862,0
X863,0
X864,0
X865,0
X866,0
X867,0
X868,0
X869,0
X870,0
X871,0
X872,0
X873,0
X874,0
X875,0
X876,0
X877,0
X878,0
X879,0
X880,0
X881,0
X882,0
X883,0
X884,0
X885,0
X886,0
X887,0
X888,0
X889,0
X890,0
X891,0
X892,0
X893,0
X894,0
X895,0
X896,0
X897,0
X898,0
X899,0
X900,0
X901,0
X902,0
X903,0
X904,0
X905,0
X906,0
X907,0
X908,0
X909,0
X910,0
X911,0
X912,0
X913,0
X914,0
X915,0
X916,0
X917,0
X918,0
X919,0
X920,0
X921,0
X922,0
X923,0
X924,0
X925,0
X926,0
X927,0
X928,0
X929,0
X930,0
X931,0
X932,0
X933,0
X934,0
X935,0
X936,0
X937,0
X938,0
X939,0
X940,0
X941,0
X942,0
X943,0
X944,0
X945,0
X946,0
X947,0
X948,0
X949,0
X950,0
X951,0
X952,0
X953,0
X954,0
X955,0
X956,0
X957,0
X958,0
X959,0
X960,0
X961,0
X962,0
X963,0
X964,0
X965,0
X966,0
X967,0
X968,0
X969,0
X970,0
X971,0
X972,0
X973,0
X974,0
X975,0
X976,0
X977,0
X978,0
X979,0
X980,0
X981,0
X982,0
X983,0
X984,0
X985,0
X986,0
X987,0
X988,0
X989,0
X990,0
X991,0
X992,0
X993,0
X994,0
X995,0
X996,0
X997,0
X998,0
X999,0
Y000,0
Y001,0
Y002,0
Y003,0
Y004,0
Y005,0
Y006,0
Y007,0
Y008,0
Y009,0
Y010,0
Y011,0
Y012,0
Y013,0
Y014,0
Y015,0
Y016,0
Y017,0
Y018,0
Y019,0
Y020,0
Y021,0
Y022,0
Y023,0
Y024,0
Y025,0
Y026,0
Y027,0
Y028,0
Y029,0
Y030,0
Y031,0
Y032,0
Y033,0
Y034,0
Y035,0
Y036,0
Y037,0
Y038,0
Y039,0
Y040,0
Y041,0
Y042,0
Y043,0
Y044,0
Y045,0
Y046,0
Y047,0
Y048,0
Y049,0
Y050,0
Y051,0
Y052,0
Y053,0
Y054,0
Y055,0
Y056,0
Y057,0
Y058,0
Y059,0
Y060,0
Y061,0
Y062,0
Y068,0
Y069,0
Y070,0
Y071,0
Y072,0
Y073,0
Y078,0
Y079,0
Y080,0
Y081,0
Y082,0
Y083,0
Y084,0
Y085,0
Y086,0
Y087,0
Y088,0
Y089,0
Y090,0
Y091,0
Y092,0
Y093,0
Y094,0
Y095,0
Y096,0
Y097,0
Y098,0
Y099,0
Y100,0
Y101,0
Y102,0
Y103,0
Y104,0
Y105,0
Y106,0
Y107,0
Y108,0
Y109,0
Y110,0
Y111,0
Y112,0
Y113,0
Y114,0
Y115,0
Y116,0
Y117,0
Y118,0
Y119,0
Y120,0
Y121,0
Y122,0
Y123,0
Y124,0
Y125,0
Y126,0
Y127,0
Y128,0
Y129,0
Y130,0
Y131,0
Y132,0
Y133,0
Y134,0
Y135,0
Y136,0
Y137,0
Y138,0
Y139,0
Y140,0
Y141,0
Y142,0
Y143,0
Y144,0
Y145,0
Y146,0
Y147,0
Y148,0
Y149,0
Y150,0
Y151,0
Y152,0
Y153,0
Y154,0
Y155,0
Y156,0
Y157,0
Y158,0
Y159,0
Y160,0
Y161,0
Y162,0
Y163,0
Y164,0
Y165,0
Y166,0
Y167,0
Y168,0
Y169,0
Y170,0
Y171,0
Y172,0
Y173,0
Y174,0
Y175,0
Y176,0
Y177,0
Y178,0
Y179,0
Y180,0
Y181,0
Y182,0
Y183,0
Y184,0
Y185,0
Y186,0
Y187,0
Y188,0
Y189,0
Y190,0
Y191,0
Y192,0
Y193,0
Y194,0
Y195,0
Y196,0
Y197,0
Y198,0
Y199,0
Y200,0
Y201,0
Y202,0
Y203,0
Y204,0
Y205,0
Y206,0
Y207,0
Y208,0
Y209,0
Y210,0
Y211,0
Y212,0
Y213,0
Y214,0
Y215,0
Y216,0
Y217,0
Y218,0
Y219,0
Y220,0
Y221,0
Y222,0
Y223,0
Y224,0
Y225,0
Y226,0
Y227,0
Y228,0
Y229,0
Y230,0
Y231,0
Y232,0
Y233,0
Y234,0
Y235,0
Y236,0
Y237,0
Y238,0
Y239,0
Y240,0
Y241,0
Y242,0
Y243,0
Y244,0
Y245,0
Y246,0
Y247,0
Y248,0
Y249,0
Y250,0
Y251,0
Y252,0
Y253,0
Y254,0
Y255,0
Y256,0
Y257,0
Y258,0
Y259,0
Y260,0
Y261,0
Y262,0
Y263,0
Y264,0
Y265,0
Y266,0
Y267,0
Y268,0
Y269,0
Y270,0
Y271,0
Y272,0
Y273,0
Y274,0
Y275,0
Y276,0
Y277,0
Y278,0
Y279,0
Y280,0
Y281,0
Y282,0
Y283,0
Y284,0
Y285,0
Y286,0
Y287,0
Y288,0
Y289,0
Y290,0
Y291,0
Y292,0
Y293,0
Y294,0
Y295,0
Y296,0
Y297,0
Y298,0
Y299,0
Y300,0
Y301,0
Y302,0
Y303,0
Y304,0
Y305,0
Y306,0
Y307,0
Y308,0
Y309,0
Y310,0
Y311,0
Y312,0
Y313,0
Y314,0
Y315,0
Y316,0
Y317,0
Y318,0
Y319,0
Y320,0
Y321,0
Y322,0
Y323,0
Y324,0
Y325,0
Y326,0
Y327,0
Y328,0
Y329,0
Y330,0
Y331,0
Y332,0
Y333,0
Y334,0
Y335,0
Y336,0
Y337,0
Y338,0
Y339,0
Y340,0
Y341,0
Y342,0
Y343,0
Y344,0
Y345,0
Y346,0
Y347,0
Y348,0
Y349,0
Y350,0
Y351,0
Y352,0
Y353,0
Y354,0
Y355,0
Y356,0
Y357,0
Y360,0
Y361,0
Y362,0
Y363,0
Y364,0
Y365,0
Y366,0
Y367,0
Y368,0
Y369,0
Y400,0
Y401,0
Y402,0
Y403,0
Y404,0
Y405,0
Y406,0
Y407,0
Y408,0
Y409,0
Y410,0
Y411,0
Y412,0
Y413,0
Y414,0
Y415,0
Y418,0
Y419,0
Y420,0
Y421,0
Y422,0
Y423,0
Y424,0
Y425,0
Y426,0
Y427,0
Y428,0
Y429,0
Y430,0
Y431,0
Y432,0
Y433,0
Y434,0
Y435,0
Y436,0
Y438,0
Y439,0
Y440,0
Y441,0
Y442,0
Y443,0
Y444,0
Y445,0
Y446,0
Y447,0
Y449,0
Y450,0
Y451,0
Y452,0
Y453,0
Y454,0
Y455,0
Y458,0
Y459,0
Y460,0
Y461,0
Y462,0
Y463,0
Y464,0
Y465,0
Y466,0
Y467,0
Y468,0
Y470,0
Y471,0
Y472,0
Y473,0
Y474,0
Y475,0
Y478,0
Y479,0
Y480,0
Y481,0
Y482,0
Y483,0
Y484,0
Y485,0
Y490,0
Y491,0
Y492,0
Y493,0
Y494,0
Y495,0
Y496,0
Y497,0
Y498,0
Y499,0
Y500,0
Y501,0
Y502,0
Y508,0
Y509,0
Y510,0
Y511,0
Y512,0
Y513,0
Y514,0
Y515,0
Y516,0
Y517,0
Y518,0
Y519,0
Y520,0
Y521,0
Y522,0
Y523,0
Y524,0
Y525,0
Y526,0
Y527,0
Y528,0
Y529,0
Y530,0
Y531,0
Y532,0
Y533,0
Y534,0
Y535,0
Y536,0
Y537,0
Y538,0
Y539,0
Y540,0
Y541,0
Y542,0
Y543,0
Y544,0
Y545,0
Y546,0
Y547,0
Y548,0
Y549,0
Y550,0
Y551,0
Y552,0
Y553,0
Y554,0
Y555,0
Y556,0
Y557,1
Y560,0
Y561,0
Y562,0
Y563,0
Y564,0
Y565,0
Y566,0
Y567,0
Y568,0
Y569,0
Y570,0
Y571,0
Y572,0
Y573,0
Y574,0
Y575,0
Y576,0
Y577,0
Y578,0
Y579,0
Y580,0
Y581,0
Y582,0
Y583,0
Y584,0
Y585,0
Y586,0
Y588,0
Y589,0
Y590,0
Y591,0
Y592,0
Y593,0
Y598,0
Y599,0
Y600,0
Y601,0
Y602,0
Y603,0
Y604,0
Y605,0
Y606,0
Y607,0
Y608,0
Y609,0
Y610,0
Y611,0
Y612,0
Y613,0
Y614,0
Y615,0
Y616,0
Y617,0
Y618,0
Y619,0
Y620,0
Y621,0
Y622,0
Y623,0
Y624,0
Y625,0
Y626,0
Y628,0
Y629,0
Y630,0
Y631,0
Y632,0
Y633,0
Y634,0
Y635,0
Y636,0
Y638,0
Y639,0
Y640,0
Y641,0
Y648,0
Y649,0
Y650,0
Y651,0
Y652,0
Y653,0
Y654,0
Y655,0
Y658,0
Y66X,0
Y69X,0
Y700,0
Y701,0
Y702,0
Y703,0
Y708,0
Y710,0
Y711,0
Y712,0
Y713,0
Y718,0
Y720,0
Y721,0
Y722,0
Y723,0
Y728,0
Y730,0
Y731,0
Y732,0
Y733,0
Y738,0
Y740,0
Y741,0
Y742,0
Y743,0
Y748,0
Y750,0
Y751,0
Y752,0
Y753,0
Y758,0
Y760,0
Y761,0
Y762,0
Y763,0
Y768,0
Y770,0
Y771,0
Y772,0
Y773,0
Y778,0
Y780,0
Y781,0
Y782,0
Y783,0
Y788,0
Y790,0
Y791,0
Y792,0
Y793,0
Y798,0
Y800,0
Y801,0
Y802,0
Y803,0
Y808,0
Y810,0
Y811,0
Y812,0
Y813,0
Y818,0
Y820,0
Y821,0
Y822,0
Y823,0
Y828,0
Y830,0
Y831,0
Y832,0
Y833,0
Y834,0
Y835,0
Y836,0
Y838,0
Y839,0
Y840,0
Y841,0
Y842,0
Y843,0
Y844,0
Y845,0
Y846,0
Y847,0
Y848,0
Y849,0
Y850,0
Y859,0
Y86X,0
Y870,0
Y871,0
Y872,0
Y880,0
Y881,0
Y882,0
Y883,0
Y890,0
Y891,0
Y899,0
Y900,0
Y901,0
Y902,0
Y903,0
Y904,0
Y905,0
Y906,0
Y907,0
Y908,0
Y909,0
Y910,0
Y911,0
Y912,0
Y913,0
Y919,0
Y95X,0
Y96X,0
Y97X,0
Y98X,0
U069,0
